"DateTime","HELLDIVERS™ 2","Hogwarts Legacy","New World: Aeternum","Destiny 2","Call of Duty®"
"2017-08-14 00:00:00",6,,,,
"2017-08-15 00:00:00",7,,,,
"2017-08-16 00:00:00",5,,,,
"2017-08-17 00:00:00",4,,,,
"2017-08-18 00:00:00",7,,,,
"2017-08-19 00:00:00",,,,,
"2017-08-20 00:00:00",1,,,,
"2017-08-21 00:00:00",10,,,,
"2017-08-22 00:00:00",5,,,,
"2017-08-23 00:00:00",9,,,,
"2017-08-24 00:00:00",6,,,,
"2017-08-25 00:00:00",6,,,,
"2017-08-26 00:00:00",,,,,
"2017-08-27 00:00:00",1,,,,
"2017-08-28 00:00:00",8,,,,
"2017-08-29 00:00:00",6,,,,
"2017-08-30 00:00:00",7,,,,
"2017-08-31 00:00:00",6,,,,
"2017-09-01 00:00:00",5,,,,
"2017-09-02 00:00:00",,,,,
"2017-09-03 00:00:00",,,,,
"2017-09-04 00:00:00",9,,,,
"2017-09-05 00:00:00",6,,,,
"2017-09-06 00:00:00",8,,,,
"2017-09-07 00:00:00",7,,,,
"2017-09-08 00:00:00",9,,,,
"2017-09-09 00:00:00",1,,,,
"2017-09-10 00:00:00",1,,,,
"2017-09-11 00:00:00",10,,,,
"2017-09-12 00:00:00",11,,,,
"2017-09-13 00:00:00",11,,,,
"2017-09-14 00:00:00",5,,,,
"2017-09-15 00:00:00",8,,,,
"2017-09-16 00:00:00",1,,,,
"2017-09-17 00:00:00",1,,,,
"2017-09-18 00:00:00",7,,,,
"2017-09-19 00:00:00",6,,,,
"2017-09-20 00:00:00",6,,,,
"2017-09-21 00:00:00",8,,,,
"2017-09-22 00:00:00",8,,,,
"2017-09-23 00:00:00",1,,,,
"2017-09-24 00:00:00",1,,,,
"2017-09-25 00:00:00",8,,,,
"2017-09-26 00:00:00",8,,,,
"2017-09-27 00:00:00",10,,,,
"2017-09-28 00:00:00",11,,,,
"2017-09-29 00:00:00",11,,,,
"2017-09-30 00:00:00",2,,,,
"2017-10-01 00:00:00",3,,,,
"2017-10-02 00:00:00",8,,,,
"2017-10-03 00:00:00",8,,,,
"2017-10-04 00:00:00",11,,,,
"2017-10-05 00:00:00",9,,,,
"2017-10-06 00:00:00",7,,,,
"2017-10-07 00:00:00",,,,,
"2017-10-08 00:00:00",,,,,
"2017-10-09 00:00:00",5,,,,
"2017-10-10 00:00:00",8,,,,
"2017-10-11 00:00:00",7,,,,
"2017-10-12 00:00:00",5,,,,
"2017-10-13 00:00:00",10,,,,
"2017-10-14 00:00:00",1,,,,
"2017-10-15 00:00:00",1,,,,
"2017-10-16 00:00:00",8,,,,
"2017-10-17 00:00:00",9,,,,
"2017-10-18 00:00:00",11,,,,
"2017-10-19 00:00:00",9,,,,
"2017-10-20 00:00:00",8,,,,
"2017-10-21 00:00:00",4,,,,
"2017-10-22 00:00:00",3,,,,
"2017-10-23 00:00:00",9,,,,
"2017-10-24 00:00:00",10,,,,
"2017-10-25 00:00:00",15,,,,
"2017-10-26 00:00:00",7,,,,
"2017-10-27 00:00:00",6,,,,
"2017-10-28 00:00:00",1,,,,
"2017-10-29 00:00:00",5,,,,
"2017-10-30 00:00:00",5,,,,
"2017-10-31 00:00:00",8,,,,
"2017-11-01 00:00:00",6,,,,
"2017-11-02 00:00:00",6,,,,
"2017-11-03 00:00:00",7,,,,
"2017-11-04 00:00:00",1,,,,
"2017-11-05 00:00:00",,,,,
"2017-11-06 00:00:00",2,,,,
"2017-11-07 00:00:00",3,,,,
"2017-11-08 00:00:00",6,,,,
"2017-11-09 00:00:00",11,,,,
"2017-11-10 00:00:00",5,,,,
"2017-11-11 00:00:00",,,,,
"2017-11-12 00:00:00",,,,,
"2017-11-13 00:00:00",8,,,,
"2017-11-14 00:00:00",10,,,,
"2017-11-15 00:00:00",9,,,,
"2017-11-16 00:00:00",10,,,,
"2017-11-17 00:00:00",8,,,,
"2017-11-18 00:00:00",1,,,,
"2017-11-19 00:00:00",1,,,,
"2017-11-20 00:00:00",8,,,,
"2017-11-21 00:00:00",7,,,,
"2017-11-22 00:00:00",6,,,,
"2017-11-23 00:00:00",6,,,,
"2017-11-24 00:00:00",7,,,,
"2017-11-25 00:00:00",1,,,,
"2017-11-26 00:00:00",1,,,,
"2017-11-27 00:00:00",8,,,,
"2017-11-28 00:00:00",7,,,,
"2017-11-29 00:00:00",9,,,,
"2017-11-30 00:00:00",6,,,,
"2017-12-01 00:00:00",7,,,,
"2017-12-02 00:00:00",,,,,
"2017-12-03 00:00:00",,,,,
"2017-12-04 00:00:00",9,,,,
"2017-12-05 00:00:00",10,,,,
"2017-12-06 00:00:00",8,,,,
"2017-12-07 00:00:00",7,,,,
"2017-12-08 00:00:00",10,,,,
"2017-12-09 00:00:00",1,,,,
"2017-12-10 00:00:00",,,,,
"2017-12-11 00:00:00",7,,,,
"2017-12-12 00:00:00",7,,,,
"2017-12-13 00:00:00",8,,,,
"2017-12-14 00:00:00",8,,,,
"2017-12-15 00:00:00",8,,,,
"2017-12-16 00:00:00",1,,,,
"2017-12-17 00:00:00",1,,,,
"2017-12-18 00:00:00",8,,,,
"2017-12-19 00:00:00",9,,,,
"2017-12-20 00:00:00",2,,,,
"2017-12-21 00:00:00",3,,,,
"2017-12-22 00:00:00",3,,,,
"2017-12-23 00:00:00",,,,,
"2017-12-24 00:00:00",,,,,
"2017-12-25 00:00:00",,,,,
"2017-12-26 00:00:00",,,,,
"2017-12-27 00:00:00",1,,,,
"2017-12-28 00:00:00",1,,,,
"2017-12-29 00:00:00",1,,,,
"2017-12-30 00:00:00",,,,,
"2017-12-31 00:00:00",,,,,
"2018-01-01 00:00:00",,,,,
"2018-01-02 00:00:00",1,,,,
"2018-01-03 00:00:00",2,,,,
"2018-01-04 00:00:00",3,,,,
"2018-01-05 00:00:00",4,,,,
"2018-01-06 00:00:00",1,,,,
"2018-01-07 00:00:00",1,,,,
"2018-01-08 00:00:00",8,,,,
"2018-01-09 00:00:00",9,,,,
"2018-01-10 00:00:00",10,,,,
"2018-01-11 00:00:00",8,,,,
"2018-01-12 00:00:00",8,,,,
"2018-01-13 00:00:00",1,,,,
"2018-01-14 00:00:00",1,,,,
"2018-01-15 00:00:00",11,,,,
"2018-01-16 00:00:00",11,,,,
"2018-01-17 00:00:00",11,,,,
"2018-01-18 00:00:00",16,,,,
"2018-01-19 00:00:00",11,,,,
"2018-01-20 00:00:00",3,,,,
"2018-01-21 00:00:00",3,,,,
"2018-01-22 00:00:00",17,,,,
"2018-01-23 00:00:00",14,,,,
"2018-01-24 00:00:00",20,,,,
"2018-01-25 00:00:00",12,,,,
"2018-01-26 00:00:00",4,,,,
"2018-01-27 00:00:00",1,,,,
"2018-01-28 00:00:00",1,,,,
"2018-01-29 00:00:00",7,,,,
"2018-01-30 00:00:00",8,,,,
"2018-01-31 00:00:00",11,,,,
"2018-02-01 00:00:00",7,,,,
"2018-02-02 00:00:00",9,,,,
"2018-02-03 00:00:00",,,,,
"2018-02-04 00:00:00",,,,,
"2018-02-05 00:00:00",10,,,,
"2018-02-06 00:00:00",5,,,,
"2018-02-07 00:00:00",7,,,,
"2018-02-08 00:00:00",8,,,,
"2018-02-09 00:00:00",10,,,,
"2018-02-10 00:00:00",,,,,
"2018-02-11 00:00:00",,,,,
"2018-02-12 00:00:00",8,,,,
"2018-02-13 00:00:00",6,,,,
"2018-02-14 00:00:00",9,,,,
"2018-02-15 00:00:00",7,,,,
"2018-02-16 00:00:00",12,,,,
"2018-02-17 00:00:00",1,,,,
"2018-02-18 00:00:00",1,,,,
"2018-02-19 00:00:00",12,,,,
"2018-02-20 00:00:00",9,,,,
"2018-02-21 00:00:00",,,,,
"2018-02-22 00:00:00",,,,,
"2018-02-23 00:00:00",,,,,
"2018-02-24 00:00:00",,,,,
"2018-02-25 00:00:00",,,,,
"2018-02-26 00:00:00",,,,,
"2018-02-27 00:00:00",,,,,
"2018-02-28 00:00:00",,,,,
"2018-03-01 00:00:00",,,,,
"2018-03-02 00:00:00",,,,,
"2018-03-03 00:00:00",,,,,
"2018-03-04 00:00:00",,,,,
"2018-03-05 00:00:00",,,,,
"2018-03-06 00:00:00",,,,,
"2018-03-07 00:00:00",,,,,
"2018-03-08 00:00:00",,,,,
"2018-03-09 00:00:00",,,,,
"2018-03-10 00:00:00",,,,,
"2018-03-11 00:00:00",,,,,
"2018-03-12 00:00:00",,,,,
"2018-03-13 00:00:00",,,,,
"2018-03-14 00:00:00",,,,,
"2018-03-15 00:00:00",,,,,
"2018-03-16 00:00:00",,,,,
"2018-03-17 00:00:00",,,,,
"2018-03-18 00:00:00",,,,,
"2018-03-19 00:00:00",,,,,
"2018-03-20 00:00:00",,,,,
"2018-03-21 00:00:00",,,,,
"2018-03-22 00:00:00",,,,,
"2018-03-23 00:00:00",,,,,
"2018-03-24 00:00:00",,,,,
"2018-03-25 00:00:00",,,,,
"2018-03-26 00:00:00",,,,,
"2018-03-27 00:00:00",,,,,
"2018-03-28 00:00:00",,,,,
"2018-03-29 00:00:00",,,,,
"2018-03-30 00:00:00",,,,,
"2018-03-31 00:00:00",,,,,
"2018-04-01 00:00:00",,,,,
"2018-04-02 00:00:00",,,,,
"2018-04-03 00:00:00",,,,,
"2018-04-04 00:00:00",,,,,
"2018-04-05 00:00:00",,,,,
"2018-04-06 00:00:00",,,,,
"2018-04-07 00:00:00",,,,,
"2018-04-08 00:00:00",,,,,
"2018-04-09 00:00:00",,,,,
"2018-04-10 00:00:00",,,,,
"2018-04-11 00:00:00",,,,,
"2018-04-12 00:00:00",,,,,
"2018-04-13 00:00:00",,,,,
"2018-04-14 00:00:00",,,,,
"2018-04-15 00:00:00",,,,,
"2018-04-16 00:00:00",,,,,
"2018-04-17 00:00:00",,,,,
"2018-04-18 00:00:00",,,,,
"2018-04-19 00:00:00",,,,,
"2018-04-20 00:00:00",,,,,
"2018-04-21 00:00:00",,,,,
"2018-04-22 00:00:00",,,,,
"2018-04-23 00:00:00",,,,,
"2018-04-24 00:00:00",,,,,
"2018-04-25 00:00:00",,,,,
"2018-04-26 00:00:00",,,,,
"2018-04-27 00:00:00",,,,,
"2018-04-28 00:00:00",,,,,
"2018-04-29 00:00:00",,,,,
"2018-04-30 00:00:00",,,,,
"2018-05-01 00:00:00",,,,,
"2018-05-02 00:00:00",,,,,
"2018-05-03 00:00:00",,,,,
"2018-05-04 00:00:00",,,,,
"2018-05-05 00:00:00",,,,,
"2018-05-06 00:00:00",,,,,
"2018-05-07 00:00:00",,,,,
"2018-05-08 00:00:00",,,,,
"2018-05-09 00:00:00",,,,,
"2018-05-10 00:00:00",,,,,
"2018-05-11 00:00:00",,,,,
"2018-05-12 00:00:00",,,,,
"2018-05-13 00:00:00",,,,,
"2018-05-14 00:00:00",,,,,
"2018-05-15 00:00:00",,,,,
"2018-05-16 00:00:00",,,,,
"2018-05-17 00:00:00",,,,,
"2018-05-18 00:00:00",,,,,
"2018-05-19 00:00:00",,,,,
"2018-05-20 00:00:00",,,,,
"2018-05-21 00:00:00",,,,,
"2018-05-22 00:00:00",,,,,
"2018-05-23 00:00:00",,,,,
"2018-05-24 00:00:00",,,,,
"2018-05-25 00:00:00",,,,,
"2018-05-26 00:00:00",,,,,
"2018-05-27 00:00:00",,,,,
"2018-05-28 00:00:00",,,,,
"2018-05-29 00:00:00",,,,,
"2018-05-30 00:00:00",,,,,
"2018-05-31 00:00:00",,,,,
"2018-06-01 00:00:00",,,,,
"2018-06-02 00:00:00",,,,,
"2018-06-03 00:00:00",,,,,
"2018-06-04 00:00:00",,,,,
"2018-06-05 00:00:00",,,,,
"2018-06-06 00:00:00",,,,,
"2018-06-07 00:00:00",,,,,
"2018-06-08 00:00:00",,,,,
"2018-06-09 00:00:00",,,,,
"2018-06-10 00:00:00",,,,,
"2018-06-11 00:00:00",,,,,
"2018-06-12 00:00:00",,,,,
"2018-06-13 00:00:00",,,,,
"2018-06-14 00:00:00",,,,,
"2018-06-15 00:00:00",,,,,
"2018-06-16 00:00:00",,,,,
"2018-06-17 00:00:00",,,,,
"2018-06-18 00:00:00",,,,,
"2018-06-19 00:00:00",,,,,
"2018-06-20 00:00:00",,,,,
"2018-06-21 00:00:00",,,,,
"2018-06-22 00:00:00",,,,,
"2018-06-23 00:00:00",,,,,
"2018-06-24 00:00:00",,,,,
"2018-06-25 00:00:00",,,,,
"2018-06-26 00:00:00",,,,,
"2018-06-27 00:00:00",,,,,
"2018-06-28 00:00:00",,,,,
"2018-06-29 00:00:00",,,,,
"2018-06-30 00:00:00",,,,,
"2018-07-01 00:00:00",,,,,
"2018-07-02 00:00:00",,,,,
"2018-07-03 00:00:00",,,,,
"2018-07-04 00:00:00",,,,,
"2018-07-05 00:00:00",,,,,
"2018-07-06 00:00:00",,,,,
"2018-07-07 00:00:00",,,,,
"2018-07-08 00:00:00",,,,,
"2018-07-09 00:00:00",,,,,
"2018-07-10 00:00:00",,,,,
"2018-07-11 00:00:00",,,,,
"2018-07-12 00:00:00",,,,,
"2018-07-13 00:00:00",,,,,
"2018-07-14 00:00:00",,,,,
"2018-07-15 00:00:00",,,,,
"2018-07-16 00:00:00",,,,,
"2018-07-17 00:00:00",,,,,
"2018-07-18 00:00:00",,,,,
"2018-07-19 00:00:00",,,,,
"2018-07-20 00:00:00",,,,,
"2018-07-21 00:00:00",,,,,
"2018-07-22 00:00:00",,,,,
"2018-07-23 00:00:00",,,,,
"2018-07-24 00:00:00",,,,,
"2018-07-25 00:00:00",,,,,
"2018-07-26 00:00:00",,,,,
"2018-07-27 00:00:00",,,,,
"2018-07-28 00:00:00",,,,,
"2018-07-29 00:00:00",,,,,
"2018-07-30 00:00:00",,,,,
"2018-07-31 00:00:00",,,,,
"2018-08-01 00:00:00",,,,,
"2018-08-02 00:00:00",,,,,
"2018-08-03 00:00:00",,,,,
"2018-08-04 00:00:00",,,,,
"2018-08-05 00:00:00",,,,,
"2018-08-06 00:00:00",,,,,
"2018-08-07 00:00:00",,,,,
"2018-08-08 00:00:00",,,,,
"2018-08-09 00:00:00",,,,,
"2018-08-10 00:00:00",,,,,
"2018-08-11 00:00:00",,,,,
"2018-08-12 00:00:00",,,,,
"2018-08-13 00:00:00",,,,,
"2018-08-14 00:00:00",,,,,
"2018-08-15 00:00:00",,,,,
"2018-08-16 00:00:00",,,,,
"2018-08-17 00:00:00",,,,,
"2018-08-18 00:00:00",,,,,
"2018-08-19 00:00:00",,,,,
"2018-08-20 00:00:00",,,,,
"2018-08-21 00:00:00",,,,,
"2018-08-22 00:00:00",,,,,
"2018-08-23 00:00:00",,,,,
"2018-08-24 00:00:00",,,,,
"2018-08-25 00:00:00",,,,,
"2018-08-26 00:00:00",,,,,
"2018-08-27 00:00:00",,,,,
"2018-08-28 00:00:00",,,,,
"2018-08-29 00:00:00",,,,,
"2018-08-30 00:00:00",,,,,
"2018-08-31 00:00:00",,,,,
"2018-09-01 00:00:00",,,,,
"2018-09-02 00:00:00",,,,,
"2018-09-03 00:00:00",,,,,
"2018-09-04 00:00:00",,,,,
"2018-09-05 00:00:00",,,,,
"2018-09-06 00:00:00",,,,,
"2018-09-07 00:00:00",,,,,
"2018-09-08 00:00:00",,,,,
"2018-09-09 00:00:00",,,,,
"2018-09-10 00:00:00",,,,,
"2018-09-11 00:00:00",,,,,
"2018-09-12 00:00:00",,,,,
"2018-09-13 00:00:00",,,,,
"2018-09-14 00:00:00",,,,,
"2018-09-15 00:00:00",,,,,
"2018-09-16 00:00:00",,,,,
"2018-09-17 00:00:00",,,,,
"2018-09-18 00:00:00",,,,,
"2018-09-19 00:00:00",,,,,
"2018-09-20 00:00:00",,,,,
"2018-09-21 00:00:00",,,,,
"2018-09-22 00:00:00",,,,,
"2018-09-23 00:00:00",,,,,
"2018-09-24 00:00:00",,,,,
"2018-09-25 00:00:00",,,,,
"2018-09-26 00:00:00",,,,,
"2018-09-27 00:00:00",,,,,
"2018-09-28 00:00:00",,,,,
"2018-09-29 00:00:00",,,,,
"2018-09-30 00:00:00",,,,,
"2018-10-01 00:00:00",,,,,
"2018-10-02 00:00:00",,,,,
"2018-10-03 00:00:00",,,,,
"2018-10-04 00:00:00",,,,,
"2018-10-05 00:00:00",,,,,
"2018-10-06 00:00:00",,,,,
"2018-10-07 00:00:00",,,,,
"2018-10-08 00:00:00",,,,,
"2018-10-09 00:00:00",,,,,
"2018-10-10 00:00:00",,,,,
"2018-10-11 00:00:00",,,,,
"2018-10-12 00:00:00",,,,,
"2018-10-13 00:00:00",,,,,
"2018-10-14 00:00:00",,,,,
"2018-10-15 00:00:00",,,,,
"2018-10-16 00:00:00",,,,,
"2018-10-17 00:00:00",,,,,
"2018-10-18 00:00:00",,,,,
"2018-10-19 00:00:00",,,,,
"2018-10-20 00:00:00",,,,,
"2018-10-21 00:00:00",,,,,
"2018-10-22 00:00:00",,,,,
"2018-10-23 00:00:00",,,,,
"2018-10-24 00:00:00",,,,,
"2018-10-25 00:00:00",,,,,
"2018-10-26 00:00:00",,,,,
"2018-10-27 00:00:00",,,,,
"2018-10-28 00:00:00",,,,,
"2018-10-29 00:00:00",,,,,
"2018-10-30 00:00:00",,,,,
"2018-10-31 00:00:00",,,,,
"2018-11-01 00:00:00",,,,,
"2018-11-02 00:00:00",,,,,
"2018-11-03 00:00:00",,,,,
"2018-11-04 00:00:00",,,,,
"2018-11-05 00:00:00",,,,,
"2018-11-06 00:00:00",,,,,
"2018-11-07 00:00:00",,,,,
"2018-11-08 00:00:00",,,,,
"2018-11-09 00:00:00",,,,,
"2018-11-10 00:00:00",,,,,
"2018-11-11 00:00:00",,,,,
"2018-11-12 00:00:00",,,,,
"2018-11-13 00:00:00",,,,,
"2018-11-14 00:00:00",,,,,
"2018-11-15 00:00:00",,,,,
"2018-11-16 00:00:00",,,,,
"2018-11-17 00:00:00",,,,,
"2018-11-18 00:00:00",,,,,
"2018-11-19 00:00:00",,,,,
"2018-11-20 00:00:00",,,,,
"2018-11-21 00:00:00",,,,,
"2018-11-22 00:00:00",,,,,
"2018-11-23 00:00:00",,,,,
"2018-11-24 00:00:00",,,,,
"2018-11-25 00:00:00",,,,,
"2018-11-26 00:00:00",,,,,
"2018-11-27 00:00:00",,,,,
"2018-11-28 00:00:00",,,,,
"2018-11-29 00:00:00",,,,,
"2018-11-30 00:00:00",,,,,
"2018-12-01 00:00:00",,,,,
"2018-12-02 00:00:00",,,,,
"2018-12-03 00:00:00",,,,,
"2018-12-04 00:00:00",,,,,
"2018-12-05 00:00:00",,,,,
"2018-12-06 00:00:00",,,,,
"2018-12-07 00:00:00",,,,,
"2018-12-08 00:00:00",,,,,
"2018-12-09 00:00:00",,,,,
"2018-12-10 00:00:00",,,,,
"2018-12-11 00:00:00",,,,,
"2018-12-12 00:00:00",,,,,
"2018-12-13 00:00:00",,,,,
"2018-12-14 00:00:00",,,,,
"2018-12-15 00:00:00",,,,,
"2018-12-16 00:00:00",,,,,
"2018-12-17 00:00:00",,,,,
"2018-12-18 00:00:00",,,,,
"2018-12-19 00:00:00",,,,,
"2018-12-20 00:00:00",,,,,
"2018-12-21 00:00:00",,,,,
"2018-12-22 00:00:00",,,,,
"2018-12-23 00:00:00",,,,,
"2018-12-24 00:00:00",,,,,
"2018-12-25 00:00:00",,,,,
"2018-12-26 00:00:00",,,,,
"2018-12-27 00:00:00",,,,,
"2018-12-28 00:00:00",,,,,
"2018-12-29 00:00:00",,,,,
"2018-12-30 00:00:00",,,,,
"2018-12-31 00:00:00",,,,,
"2019-01-01 00:00:00",,,,,
"2019-01-02 00:00:00",,,,,
"2019-01-03 00:00:00",,,,,
"2019-01-04 00:00:00",,,,,
"2019-01-05 00:00:00",,,,,
"2019-01-06 00:00:00",,,,,
"2019-01-07 00:00:00",,,,,
"2019-01-08 00:00:00",,,,,
"2019-01-09 00:00:00",,,,,
"2019-01-10 00:00:00",,,,,
"2019-01-11 00:00:00",,,,,
"2019-01-12 00:00:00",,,,,
"2019-01-13 00:00:00",,,,,
"2019-01-14 00:00:00",,,,,
"2019-01-15 00:00:00",,,,,
"2019-01-16 00:00:00",,,,,
"2019-01-17 00:00:00",,,,,
"2019-01-18 00:00:00",,,,,
"2019-01-19 00:00:00",,,,,
"2019-01-20 00:00:00",,,,,
"2019-01-21 00:00:00",,,,,
"2019-01-22 00:00:00",,,,,
"2019-01-23 00:00:00",,,,,
"2019-01-24 00:00:00",,,,,
"2019-01-25 00:00:00",,,,,
"2019-01-26 00:00:00",,,,,
"2019-01-27 00:00:00",,,,,
"2019-01-28 00:00:00",,,,,
"2019-01-29 00:00:00",,,,,
"2019-01-30 00:00:00",,,,,
"2019-01-31 00:00:00",,,,,
"2019-02-01 00:00:00",,,,,
"2019-02-02 00:00:00",,,,,
"2019-02-03 00:00:00",,,,,
"2019-02-04 00:00:00",,,,,
"2019-02-05 00:00:00",,,,,
"2019-02-06 00:00:00",,,,,
"2019-02-07 00:00:00",,,,,
"2019-02-08 00:00:00",,,,,
"2019-02-09 00:00:00",,,,,
"2019-02-10 00:00:00",,,,,
"2019-02-11 00:00:00",,,,,
"2019-02-12 00:00:00",,,,,
"2019-02-13 00:00:00",,,,,
"2019-02-14 00:00:00",,,,,
"2019-02-15 00:00:00",,,,,
"2019-02-16 00:00:00",,,,,
"2019-02-17 00:00:00",,,,,
"2019-02-18 00:00:00",,,,,
"2019-02-19 00:00:00",,,,,
"2019-02-20 00:00:00",,,,,
"2019-02-21 00:00:00",,,,,
"2019-02-22 00:00:00",,,,,
"2019-02-23 00:00:00",,,,,
"2019-02-24 00:00:00",,,,,
"2019-02-25 00:00:00",,,,,
"2019-02-26 00:00:00",,,,,
"2019-02-27 00:00:00",,,,,
"2019-02-28 00:00:00",,,,,
"2019-03-01 00:00:00",,,,,
"2019-03-02 00:00:00",,,,,
"2019-03-03 00:00:00",,,,,
"2019-03-04 00:00:00",,,,,
"2019-03-05 00:00:00",,,,,
"2019-03-06 00:00:00",,,,,
"2019-03-07 00:00:00",,,,,
"2019-03-08 00:00:00",,,,,
"2019-03-09 00:00:00",,,,,
"2019-03-10 00:00:00",,,,,
"2019-03-11 00:00:00",,,,,
"2019-03-12 00:00:00",,,,,
"2019-03-13 00:00:00",,,,,
"2019-03-14 00:00:00",,,,,
"2019-03-15 00:00:00",,,,,
"2019-03-16 00:00:00",,,,,
"2019-03-17 00:00:00",,,,,
"2019-03-18 00:00:00",,,,,
"2019-03-19 00:00:00",,,,,
"2019-03-20 00:00:00",,,,,
"2019-03-21 00:00:00",,,,,
"2019-03-22 00:00:00",,,,,
"2019-03-23 00:00:00",,,,,
"2019-03-24 00:00:00",,,,,
"2019-03-25 00:00:00",,,,,
"2019-03-26 00:00:00",,,,,
"2019-03-27 00:00:00",,,,,
"2019-03-28 00:00:00",,,,,
"2019-03-29 00:00:00",,,,,
"2019-03-30 00:00:00",,,,,
"2019-03-31 00:00:00",,,,,
"2019-04-01 00:00:00",,,,,
"2019-04-02 00:00:00",,,,,
"2019-04-03 00:00:00",,,,,
"2019-04-04 00:00:00",,,,,
"2019-04-05 00:00:00",,,,,
"2019-04-06 00:00:00",,,,,
"2019-04-07 00:00:00",,,,,
"2019-04-08 00:00:00",,,,,
"2019-04-09 00:00:00",,,,,
"2019-04-10 00:00:00",,,,,
"2019-04-11 00:00:00",,,,,
"2019-04-12 00:00:00",,,,,
"2019-04-13 00:00:00",,,,,
"2019-04-14 00:00:00",,,,,
"2019-04-15 00:00:00",,,,,
"2019-04-16 00:00:00",,,,,
"2019-04-17 00:00:00",,,,,
"2019-04-18 00:00:00",,,,,
"2019-04-19 00:00:00",,,,,
"2019-04-20 00:00:00",,,,,
"2019-04-21 00:00:00",,,,,
"2019-04-22 00:00:00",,,,,
"2019-04-23 00:00:00",,,,,
"2019-04-24 00:00:00",,,,,
"2019-04-25 00:00:00",,,,,
"2019-04-26 00:00:00",,,,,
"2019-04-27 00:00:00",,,,,
"2019-04-28 00:00:00",,,,,
"2019-04-29 00:00:00",,,,,
"2019-04-30 00:00:00",,,,,
"2019-05-01 00:00:00",,,,,
"2019-05-02 00:00:00",,,,,
"2019-05-03 00:00:00",,,,,
"2019-05-04 00:00:00",,,,,
"2019-05-05 00:00:00",,,,,
"2019-05-06 00:00:00",,,,,
"2019-05-07 00:00:00",,,,,
"2019-05-08 00:00:00",,,,,
"2019-05-09 00:00:00",,,,,
"2019-05-10 00:00:00",,,,,
"2019-05-11 00:00:00",,,,,
"2019-05-12 00:00:00",,,,,
"2019-05-13 00:00:00",,,,,
"2019-05-14 00:00:00",,,,,
"2019-05-15 00:00:00",,,,,
"2019-05-16 00:00:00",,,,,
"2019-05-17 00:00:00",,,,,
"2019-05-18 00:00:00",,,,,
"2019-05-19 00:00:00",,,,,
"2019-05-20 00:00:00",,,,,
"2019-05-21 00:00:00",,,,,
"2019-05-22 00:00:00",,,,,
"2019-05-23 00:00:00",,,,,
"2019-05-24 00:00:00",,,,,
"2019-05-25 00:00:00",,,,,
"2019-05-26 00:00:00",,,,,
"2019-05-27 00:00:00",,,,,
"2019-05-28 00:00:00",,,,,
"2019-05-29 00:00:00",,,,,
"2019-05-30 00:00:00",,,,,
"2019-05-31 00:00:00",,,,,
"2019-06-01 00:00:00",,,,,
"2019-06-02 00:00:00",,,,,
"2019-06-03 00:00:00",,,,,
"2019-06-04 00:00:00",,,,,
"2019-06-05 00:00:00",,,,,
"2019-06-06 00:00:00",,,,,
"2019-06-07 00:00:00",,,,,
"2019-06-08 00:00:00",,,,,
"2019-06-09 00:00:00",,,,,
"2019-06-10 00:00:00",,,,,
"2019-06-11 00:00:00",,,,,
"2019-06-12 00:00:00",,,,,
"2019-06-13 00:00:00",,,,,
"2019-06-14 00:00:00",,,,,
"2019-06-15 00:00:00",,,,,
"2019-06-16 00:00:00",,,,,
"2019-06-17 00:00:00",,,,,
"2019-06-18 00:00:00",,,,,
"2019-06-19 00:00:00",,,,,
"2019-06-20 00:00:00",,,,,
"2019-06-21 00:00:00",,,,,
"2019-06-22 00:00:00",,,,,
"2019-06-23 00:00:00",,,,,
"2019-06-24 00:00:00",,,,,
"2019-06-25 00:00:00",,,,,
"2019-06-26 00:00:00",,,,,
"2019-06-27 00:00:00",,,,,
"2019-06-28 00:00:00",,,,,
"2019-06-29 00:00:00",,,,,
"2019-06-30 00:00:00",,,,,
"2019-07-01 00:00:00",,,,,
"2019-07-02 00:00:00",,,,,
"2019-07-03 00:00:00",,,,,
"2019-07-04 00:00:00",,,,,
"2019-07-05 00:00:00",,,,,
"2019-07-06 00:00:00",,,,,
"2019-07-07 00:00:00",,,,,
"2019-07-08 00:00:00",,,,,
"2019-07-09 00:00:00",,,,,
"2019-07-10 00:00:00",,,,,
"2019-07-11 00:00:00",,,,,
"2019-07-12 00:00:00",,,,,
"2019-07-13 00:00:00",,,,,
"2019-07-14 00:00:00",,,,,
"2019-07-15 00:00:00",,,,,
"2019-07-16 00:00:00",,,,,
"2019-07-17 00:00:00",,,,,
"2019-07-18 00:00:00",,,,,
"2019-07-19 00:00:00",,,,,
"2019-07-20 00:00:00",,,,,
"2019-07-21 00:00:00",,,,,
"2019-07-22 00:00:00",,,,,
"2019-07-23 00:00:00",,,,,
"2019-07-24 00:00:00",,,,,
"2019-07-25 00:00:00",,,,,
"2019-07-26 00:00:00",,,,,
"2019-07-27 00:00:00",,,,,
"2019-07-28 00:00:00",,,,,
"2019-07-29 00:00:00",,,,,
"2019-07-30 00:00:00",,,,,
"2019-07-31 00:00:00",,,,,
"2019-08-01 00:00:00",,,,,
"2019-08-02 00:00:00",,,,,
"2019-08-03 00:00:00",,,,,
"2019-08-04 00:00:00",,,,,
"2019-08-05 00:00:00",,,,,
"2019-08-06 00:00:00",,,,,
"2019-08-07 00:00:00",,,,,
"2019-08-08 00:00:00",,,,,
"2019-08-09 00:00:00",,,,,
"2019-08-10 00:00:00",,,,,
"2019-08-11 00:00:00",,,,,
"2019-08-12 00:00:00",,,,,
"2019-08-13 00:00:00",,,,,
"2019-08-14 00:00:00",,,,,
"2019-08-15 00:00:00",,,,,
"2019-08-16 00:00:00",,,,,
"2019-08-17 00:00:00",,,,,
"2019-08-18 00:00:00",,,,,
"2019-08-19 00:00:00",,,,,
"2019-08-20 00:00:00",,,,,
"2019-08-21 00:00:00",,,,,
"2019-08-22 00:00:00",,,,,
"2019-08-23 00:00:00",,,,,
"2019-08-24 00:00:00",,,,,
"2019-08-25 00:00:00",,,,,
"2019-08-26 00:00:00",,,,,
"2019-08-27 00:00:00",,,,,
"2019-08-28 00:00:00",,,,,
"2019-08-29 00:00:00",,,,,
"2019-08-30 00:00:00",,,,,
"2019-08-31 00:00:00",,,,,
"2019-09-01 00:00:00",,,,,
"2019-09-02 00:00:00",,,,,
"2019-09-03 00:00:00",,,,,
"2019-09-04 00:00:00",,,,,
"2019-09-05 00:00:00",,,,,
"2019-09-06 00:00:00",,,,,
"2019-09-07 00:00:00",,,,,
"2019-09-08 00:00:00",,,,,
"2019-09-09 00:00:00",,,,,
"2019-09-10 00:00:00",,,,,
"2019-09-11 00:00:00",,,,,
"2019-09-12 00:00:00",,,,,
"2019-09-13 00:00:00",,,,,
"2019-09-14 00:00:00",,,,,
"2019-09-15 00:00:00",,,,,
"2019-09-16 00:00:00",,,,,
"2019-09-17 00:00:00",,,,,
"2019-09-18 00:00:00",,,,,
"2019-09-19 00:00:00",,,,,
"2019-09-20 00:00:00",,,,,
"2019-09-21 00:00:00",,,,,
"2019-09-22 00:00:00",,,,,
"2019-09-23 00:00:00",,,,,
"2019-09-24 00:00:00",,,,,
"2019-09-25 00:00:00",,,,,
"2019-09-26 00:00:00",,,,,
"2019-09-27 00:00:00",,,,,
"2019-09-28 00:00:00",,,,,
"2019-09-29 00:00:00",,,,,
"2019-09-30 00:00:00",,,,,
"2019-10-01 00:00:00",,,,214100,
"2019-10-02 00:00:00",,,,226651,
"2019-10-03 00:00:00",,,,222902,
"2019-10-04 00:00:00",,,,226760,
"2019-10-05 00:00:00",,,,292402,
"2019-10-06 00:00:00",,,,292513,
"2019-10-07 00:00:00",,,,216149,
"2019-10-08 00:00:00",,,,222182,
"2019-10-09 00:00:00",,,,209534,
"2019-10-10 00:00:00",,,,197763,
"2019-10-11 00:00:00",,,,217877,
"2019-10-12 00:00:00",,,,262171,
"2019-10-13 00:00:00",,,,252895,
"2019-10-14 00:00:00",,,,206693,
"2019-10-15 00:00:00",,,,205283,
"2019-10-16 00:00:00",,,,192577,
"2019-10-17 00:00:00",,,,182165,
"2019-10-18 00:00:00",,,,197539,
"2019-10-19 00:00:00",,,,233397,
"2019-10-20 00:00:00",,,,226931,
"2019-10-21 00:00:00",,,,169246,
"2019-10-22 00:00:00",,,,192174,
"2019-10-23 00:00:00",,,,171542,
"2019-10-24 00:00:00",,,,161843,
"2019-10-25 00:00:00",,,,168894,
"2019-10-26 00:00:00",,,,194410,
"2019-10-27 00:00:00",,,,186033,
"2019-10-28 00:00:00",,,,141589,
"2019-10-29 00:00:00",,,,180495,
"2019-10-30 00:00:00",,,,168109,
"2019-10-31 00:00:00",,,,159832,
"2019-11-01 00:00:00",,,,172365,
"2019-11-02 00:00:00",,,,196352,
"2019-11-03 00:00:00",,,,183488,
"2019-11-04 00:00:00",,,,139713,
"2019-11-05 00:00:00",,,,134889,
"2019-11-06 00:00:00",,,,140865,
"2019-11-07 00:00:00",,,,135562,
"2019-11-08 00:00:00",,,,153737,
"2019-11-09 00:00:00",,,,183179,
"2019-11-10 00:00:00",,,,158722,
"2019-11-11 00:00:00",,,,132999,
"2019-11-12 00:00:00",,,,126458,
"2019-11-13 00:00:00",,,,128028,
"2019-11-14 00:00:00",,,,121683,
"2019-11-15 00:00:00",,,,131598,
"2019-11-16 00:00:00",,,,152650,
"2019-11-17 00:00:00",,,,149094,
"2019-11-18 00:00:00",,,,115977,
"2019-11-19 00:00:00",,,,113306,
"2019-11-20 00:00:00",,,,118462,
"2019-11-21 00:00:00",,,,112047,
"2019-11-22 00:00:00",,,,101066,
"2019-11-23 00:00:00",,,,150875,
"2019-11-24 00:00:00",,,,133753,
"2019-11-25 00:00:00",,,,103465,
"2019-11-26 00:00:00",,,,101142,
"2019-11-27 00:00:00",,,,114886,
"2019-11-28 00:00:00",,,,112931,
"2019-11-29 00:00:00",,,,120072,
"2019-11-30 00:00:00",,,,135553,
"2019-12-01 00:00:00",,,,130119,
"2019-12-02 00:00:00",,,,104183,
"2019-12-03 00:00:00",,,,104858,
"2019-12-04 00:00:00",,,,109211,
"2019-12-05 00:00:00",,,,104987,
"2019-12-06 00:00:00",,,,112791,
"2019-12-07 00:00:00",,,,130048,
"2019-12-08 00:00:00",,,,123065,
"2019-12-09 00:00:00",,,,99022,
"2019-12-10 00:00:00",,,,138602,
"2019-12-11 00:00:00",,,,130241,
"2019-12-12 00:00:00",,,,117192,
"2019-12-13 00:00:00",,,,120046,
"2019-12-14 00:00:00",,,,137368,
"2019-12-15 00:00:00",,,,129328,
"2019-12-16 00:00:00",,,,102483,
"2019-12-17 00:00:00",,,,118926,
"2019-12-18 00:00:00",,,,123028,
"2019-12-19 00:00:00",,,,116665,
"2019-12-20 00:00:00",,,,119845,
"2019-12-21 00:00:00",,,,135380,
"2019-12-22 00:00:00",,,,127111,
"2019-12-23 00:00:00",,,,113322,
"2019-12-24 00:00:00",,,,110293,
"2019-12-25 00:00:00",,,,114456,
"2019-12-26 00:00:00",,,,113764,
"2019-12-27 00:00:00",,,,115447,
"2019-12-28 00:00:00",,,,117560,
"2019-12-29 00:00:00",,,,111790,
"2019-12-30 00:00:00",,,,102966,
"2019-12-31 00:00:00",,,,99348,
"2020-01-01 00:00:00",,,,104603,
"2020-01-02 00:00:00",,,,100551,
"2020-01-03 00:00:00",,,,101943,
"2020-01-04 00:00:00",,,,108822,
"2020-01-05 00:00:00",,,,101323,
"2020-01-06 00:00:00",,,,87470,
"2020-01-07 00:00:00",,,,91366,
"2020-01-08 00:00:00",,,,93526,
"2020-01-09 00:00:00",,,,84978,
"2020-01-10 00:00:00",,,,84377,
"2020-01-11 00:00:00",,,,97568,
"2020-01-12 00:00:00",,,,95504,
"2020-01-13 00:00:00",,,,73697,
"2020-01-14 00:00:00",,,,73681,
"2020-01-15 00:00:00",,,,74660,
"2020-01-16 00:00:00",,,,66456,
"2020-01-17 00:00:00",,,,69093,
"2020-01-18 00:00:00",,,,80818,
"2020-01-19 00:00:00",,,,80092,
"2020-01-20 00:00:00",,,,74951,
"2020-01-21 00:00:00",,,,70820,
"2020-01-22 00:00:00",,,,70863,
"2020-01-23 00:00:00",,,,65144,
"2020-01-24 00:00:00",,,,68169,
"2020-01-25 00:00:00",,,,77319,
"2020-01-26 00:00:00",,,,78955,
"2020-01-27 00:00:00",,,,60484,
"2020-01-28 00:00:00",,,,62678,
"2020-01-29 00:00:00",,,,70814,
"2020-01-30 00:00:00",,,,65382,
"2020-01-31 00:00:00",,,,68270,
"2020-02-01 00:00:00",,,,80874,
"2020-02-02 00:00:00",,,,81405,
"2020-02-03 00:00:00",,,,64275,
"2020-02-04 00:00:00",,,,74496,
"2020-02-05 00:00:00",,,,75655,
"2020-02-06 00:00:00",,,,70525,
"2020-02-07 00:00:00",,,,74149,
"2020-02-08 00:00:00",,,,85849,
"2020-02-09 00:00:00",,,,86088,
"2020-02-10 00:00:00",,,,69840,
"2020-02-11 00:00:00",,,,70097,
"2020-02-12 00:00:00",,,,88192,
"2020-02-13 00:00:00",,,,81259,
"2020-02-14 00:00:00",,,,79465,
"2020-02-15 00:00:00",,,,92188,
"2020-02-16 00:00:00",,,,92839,
"2020-02-17 00:00:00",,,,78419,
"2020-02-18 00:00:00",,,,77569,
"2020-02-19 00:00:00",,,,84475,
"2020-02-20 00:00:00",,,,79880,
"2020-02-21 00:00:00",,,,82649,
"2020-02-22 00:00:00",,,,92065,
"2020-02-23 00:00:00",,,,90435,
"2020-02-24 00:00:00",,,,77709,
"2020-02-25 00:00:00",,,,76407,
"2020-02-26 00:00:00",,,,84381,
"2020-02-27 00:00:00",,,,79023,
"2020-02-28 00:00:00",,,,79558,
"2020-02-29 00:00:00",,,,93069,
"2020-03-01 00:00:00",,,,89078,
"2020-03-02 00:00:00",,,,71083,
"2020-03-03 00:00:00",,,,71996,
"2020-03-04 00:00:00",,,,80575,
"2020-03-05 00:00:00",,,,77024,
"2020-03-06 00:00:00",,,,81138,
"2020-03-07 00:00:00",,,,92817,
"2020-03-08 00:00:00",,,,89927,
"2020-03-09 00:00:00",,,,76503,
"2020-03-10 00:00:00",,,,115465,
"2020-03-11 00:00:00",,,,107914,
"2020-03-12 00:00:00",,,,102333,
"2020-03-13 00:00:00",,,,112027,
"2020-03-14 00:00:00",,,,118149,
"2020-03-15 00:00:00",,,,115332,
"2020-03-16 00:00:00",,,,95706,
"2020-03-17 00:00:00",,,,119116,
"2020-03-18 00:00:00",,,,104631,
"2020-03-19 00:00:00",,,,96649,
"2020-03-20 00:00:00",,,,103644,
"2020-03-21 00:00:00",,,,103580,
"2020-03-22 00:00:00",,,,98828,
"2020-03-23 00:00:00",,,,82403,
"2020-03-24 00:00:00",,,,109794,
"2020-03-25 00:00:00",,,,99532,
"2020-03-26 00:00:00",,,,93382,
"2020-03-27 00:00:00",,,,101133,
"2020-03-28 00:00:00",,,,99372,
"2020-03-29 00:00:00",,,,97371,
"2020-03-30 00:00:00",,,,85719,
"2020-03-31 00:00:00",,,,89422,
"2020-04-01 00:00:00",,,,86698,
"2020-04-02 00:00:00",,,,82895,
"2020-04-03 00:00:00",,,,91925,
"2020-04-04 00:00:00",,,,95985,
"2020-04-05 00:00:00",,,,89446,
"2020-04-06 00:00:00",,,,78860,
"2020-04-07 00:00:00",,,,92162,
"2020-04-08 00:00:00",,,,84961,
"2020-04-09 00:00:00",,,,80368,
"2020-04-10 00:00:00",,,,85305,
"2020-04-11 00:00:00",,,,84601,
"2020-04-12 00:00:00",,,,79774,
"2020-04-13 00:00:00",,,,76319,
"2020-04-14 00:00:00",,,,82092,
"2020-04-15 00:00:00",,,,80108,
"2020-04-16 00:00:00",,,,74188,
"2020-04-17 00:00:00",,,,76904,
"2020-04-18 00:00:00",,,,82930,
"2020-04-19 00:00:00",,,,77906,
"2020-04-20 00:00:00",,,,67811,
"2020-04-21 00:00:00",,,,101389,
"2020-04-22 00:00:00",,,,87650,
"2020-04-23 00:00:00",,,,81855,
"2020-04-24 00:00:00",,,,85883,
"2020-04-25 00:00:00",,,,87089,
"2020-04-26 00:00:00",,,,83351,
"2020-04-27 00:00:00",,,,71019,
"2020-04-28 00:00:00",,,,80218,
"2020-04-29 00:00:00",,,,74370,
"2020-04-30 00:00:00",,,,71436,
"2020-05-01 00:00:00",,,,75913,
"2020-05-02 00:00:00",,,,75095,
"2020-05-03 00:00:00",,,,73048,
"2020-05-04 00:00:00",,,,62131,
"2020-05-05 00:00:00",,,,72057,
"2020-05-06 00:00:00",,,,67879,
"2020-05-07 00:00:00",,,,65046,
"2020-05-08 00:00:00",,,,69720,
"2020-05-09 00:00:00",,,,74499,
"2020-05-10 00:00:00",,,,71045,
"2020-05-11 00:00:00",,,,63390,
"2020-05-12 00:00:00",,,,76972,
"2020-05-13 00:00:00",,,,67408,
"2020-05-14 00:00:00",,,,64249,
"2020-05-15 00:00:00",,,,64492,
"2020-05-16 00:00:00",,,,67405,
"2020-05-17 00:00:00",,,,61711,
"2020-05-18 00:00:00",,,,61119,
"2020-05-19 00:00:00",,,,61192,
"2020-05-20 00:00:00",,,,54640,
"2020-05-21 00:00:00",,,,61969,
"2020-05-22 00:00:00",,,,60036,
"2020-05-23 00:00:00",,,,62433,
"2020-05-24 00:00:00",,,,58786,
"2020-05-25 00:00:00",,,,57599,
"2020-05-26 00:00:00",,,,59758,
"2020-05-27 00:00:00",,,,52932,
"2020-05-28 00:00:00",,,,49351,
"2020-05-29 00:00:00",,,,54389,
"2020-05-30 00:00:00",,,,57361,
"2020-05-31 00:00:00",,,,53629,
"2020-06-01 00:00:00",,,,49075,
"2020-06-02 00:00:00",,,,60636,
"2020-06-03 00:00:00",,,,52673,
"2020-06-04 00:00:00",,,,52379,
"2020-06-05 00:00:00",,,,59406,
"2020-06-06 00:00:00",,,,214725,
"2020-06-07 00:00:00",,,,62814,
"2020-06-08 00:00:00",,,,57489,
"2020-06-09 00:00:00",,,,172109,
"2020-06-10 00:00:00",,,,134321,
"2020-06-11 00:00:00",,,,120300,
"2020-06-12 00:00:00",,,,134352,
"2020-06-13 00:00:00",,,,151991,
"2020-06-14 00:00:00",,,,166053,
"2020-06-15 00:00:00",,,,157794,
"2020-06-16 00:00:00",,,,134180,
"2020-06-17 00:00:00",,,,110167,
"2020-06-18 00:00:00",,,,103984,
"2020-06-19 00:00:00",,,,98717,
"2020-06-20 00:00:00",,,,95368,
"2020-06-21 00:00:00",,,,87784,
"2020-06-22 00:00:00",,,,85600,
"2020-06-23 00:00:00",,,,108807,
"2020-06-24 00:00:00",,,,92084,
"2020-06-25 00:00:00",,,,83584,
"2020-06-26 00:00:00",,,,84814,
"2020-06-27 00:00:00",,,,85815,
"2020-06-28 00:00:00",,,,87437,
"2020-06-29 00:00:00",,,,77831,
"2020-06-30 00:00:00",,,,110552,
"2020-07-01 00:00:00",,,,90844,
"2020-07-02 00:00:00",,,,82019,
"2020-07-03 00:00:00",,,,89247,
"2020-07-04 00:00:00",,,,82326,
"2020-07-05 00:00:00",,,,85316,
"2020-07-06 00:00:00",,,,76570,
"2020-07-07 00:00:00",,,,122873,
"2020-07-08 00:00:00",,,,113549,
"2020-07-09 00:00:00",,,,94668,
"2020-07-10 00:00:00",,,,95994,
"2020-07-11 00:00:00",,,,96035,
"2020-07-12 00:00:00",,,,94760,
"2020-07-13 00:00:00",,,,83053,
"2020-07-14 00:00:00",,,,102633,
"2020-07-15 00:00:00",,,,86158,
"2020-07-16 00:00:00",,,,78955,
"2020-07-17 00:00:00",,,,81229,
"2020-07-18 00:00:00",,,,81772,
"2020-07-19 00:00:00",,,,84030,
"2020-07-20 00:00:00",,,,73016,
"2020-07-21 00:00:00",,,,92391,
"2020-07-22 00:00:00",,,,79036,
"2020-07-23 00:00:00",,,,71643,
"2020-07-24 00:00:00",,,,76264,
"2020-07-25 00:00:00",,,,77453,
"2020-07-26 00:00:00",,,,79424,
"2020-07-27 00:00:00",,,,69115,
"2020-07-28 00:00:00",,,,86646,
"2020-07-29 00:00:00",,,,76605,
"2020-07-30 00:00:00",,,,69020,
"2020-07-31 00:00:00",,,,71644,
"2020-08-01 00:00:00",,,,73917,
"2020-08-02 00:00:00",,,,78591,
"2020-08-03 00:00:00",,,,69572,
"2020-08-04 00:00:00",,,,88195,
"2020-08-05 00:00:00",,,,77225,
"2020-08-06 00:00:00",,,,69522,
"2020-08-07 00:00:00",,,,72350,
"2020-08-08 00:00:00",,,,73705,
"2020-08-09 00:00:00",,,,74374,
"2020-08-10 00:00:00",,,,66265,
"2020-08-11 00:00:00",,,,122571,
"2020-08-12 00:00:00",,,,107756,
"2020-08-13 00:00:00",,,,93343,
"2020-08-14 00:00:00",,,,92240,
"2020-08-15 00:00:00",,,,89967,
"2020-08-16 00:00:00",,,,90278,
"2020-08-17 00:00:00",,,,75215,
"2020-08-18 00:00:00",,,,80460,
"2020-08-19 00:00:00",,,,71964,
"2020-08-20 00:00:00",,,,65726,
"2020-08-21 00:00:00",,,,73150,
"2020-08-22 00:00:00",,,,75951,
"2020-08-23 00:00:00",,,,75878,
"2020-08-24 00:00:00",,,,65343,
"2020-08-25 00:00:00",,,,75571,
"2020-08-26 00:00:00",,,,65693,
"2020-08-27 00:00:00",,,,60563,
"2020-08-28 00:00:00",,,,69536,
"2020-08-29 00:00:00",,,,73737,
"2020-08-30 00:00:00",,,,75036,
"2020-08-31 00:00:00",,,,61206,
"2020-09-01 00:00:00",,,,71177,
"2020-09-02 00:00:00",,,,62535,
"2020-09-03 00:00:00",,,,56993,
"2020-09-04 00:00:00",,,,65938,
"2020-09-05 00:00:00",,,,69112,
"2020-09-06 00:00:00",,,,67906,
"2020-09-07 00:00:00",,,,70749,
"2020-09-08 00:00:00",,,,98491,
"2020-09-09 00:00:00",,,,76444,
"2020-09-10 00:00:00",,,,64731,
"2020-09-11 00:00:00",,,,71323,
"2020-09-12 00:00:00",,,,76615,
"2020-09-13 00:00:00",,,,72801,
"2020-09-14 00:00:00",,,,59670,
"2020-09-15 00:00:00",,,,74386,
"2020-09-16 00:00:00",,,,63093,
"2020-09-17 00:00:00",,,,58794,
"2020-09-18 00:00:00",,,,65265,
"2020-09-19 00:00:00",,,,70001,
"2020-09-20 00:00:00",,,,67026,
"2020-09-21 00:00:00",,,,56291,
"2020-09-22 00:00:00",,,,71281,
"2020-09-23 00:00:00",,,,59173,
"2020-09-24 00:00:00",,,,54126,
"2020-09-25 00:00:00",,,,62974,
"2020-09-26 00:00:00",,,,65196,
"2020-09-27 00:00:00",,,,64095,
"2020-09-28 00:00:00",,,,52308,
"2020-09-29 00:00:00",,,,64918,
"2020-09-30 00:00:00",,,,55254,
"2020-10-01 00:00:00",,,,52384,
"2020-10-02 00:00:00",,,,58547,
"2020-10-03 00:00:00",,,,62544,
"2020-10-04 00:00:00",,,,61699,
"2020-10-05 00:00:00",,,,52857,
"2020-10-06 00:00:00",,,,94557,
"2020-10-07 00:00:00",,,,70434,
"2020-10-08 00:00:00",,,,65249,
"2020-10-09 00:00:00",,,,70425,
"2020-10-10 00:00:00",,,,74638,
"2020-10-11 00:00:00",,,,71961,
"2020-10-12 00:00:00",,,,65647,
"2020-10-13 00:00:00",,,,67099,
"2020-10-14 00:00:00",,,,58045,
"2020-10-15 00:00:00",,,,53823,
"2020-10-16 00:00:00",,,,62524,
"2020-10-17 00:00:00",,,,64638,
"2020-10-18 00:00:00",,,,63888,
"2020-10-19 00:00:00",,,,54069,
"2020-10-20 00:00:00",,,,66068,
"2020-10-21 00:00:00",,,,58586,
"2020-10-22 00:00:00",,,,55848,
"2020-10-23 00:00:00",,,,65271,
"2020-10-24 00:00:00",,,,69339,
"2020-10-25 00:00:00",,,,70217,
"2020-10-26 00:00:00",,,,59514,
"2020-10-27 00:00:00",,,,68959,
"2020-10-28 00:00:00",,,,62669,
"2020-10-29 00:00:00",,,,61649,
"2020-10-30 00:00:00",,,,67418,
"2020-10-31 00:00:00",,,,69068,
"2020-11-01 00:00:00",,,,71359,
"2020-11-02 00:00:00",,,,61613,
"2020-11-03 00:00:00",,,,73490,
"2020-11-04 00:00:00",,,,63916,
"2020-11-05 00:00:00",,,,65015,
"2020-11-06 00:00:00",,,,72512,
"2020-11-07 00:00:00",,,,83554,
"2020-11-08 00:00:00",,,,83680,
"2020-11-09 00:00:00",,,,104470,
"2020-11-10 00:00:00",,,,242284,
"2020-11-11 00:00:00",,,,235891,
"2020-11-12 00:00:00",,,,183235,
"2020-11-13 00:00:00",,,,165705,
"2020-11-14 00:00:00",,,,168471,
"2020-11-15 00:00:00",,,,159992,
"2020-11-16 00:00:00",,,,131994,
"2020-11-17 00:00:00",,,,169444,
"2020-11-18 00:00:00",,,,145250,
"2020-11-19 00:00:00",,,,130397,
"2020-11-20 00:00:00",,,,130919,
"2020-11-21 00:00:00",,,,196805,
"2020-11-22 00:00:00",,,,198676,
"2020-11-23 00:00:00",,,,135954,
"2020-11-24 00:00:00",,,,144804,
"2020-11-25 00:00:00",,,,130702,
"2020-11-26 00:00:00",,,,118953,
"2020-11-27 00:00:00",,,,124726,
"2020-11-28 00:00:00",,,,123122,
"2020-11-29 00:00:00",,,,113841,
"2020-11-30 00:00:00",,,,94838,
"2020-12-01 00:00:00",,,,115184,
"2020-12-02 00:00:00",,,,106303,
"2020-12-03 00:00:00",,,,89392,
"2020-12-04 00:00:00",,,,88029,
"2020-12-05 00:00:00",,,,97207,
"2020-12-06 00:00:00",,,,91799,
"2020-12-07 00:00:00",,,,72041,
"2020-12-08 00:00:00",,,,141667,
"2020-12-09 00:00:00",,,,123787,
"2020-12-10 00:00:00",,,,81558,
"2020-12-11 00:00:00",,,,79830,
"2020-12-12 00:00:00",,,,86457,
"2020-12-13 00:00:00",,,,82012,
"2020-12-14 00:00:00",,,,66756,
"2020-12-15 00:00:00",,,,110318,
"2020-12-16 00:00:00",,,,100036,
"2020-12-17 00:00:00",,,,80718,
"2020-12-18 00:00:00",,,,85242,
"2020-12-19 00:00:00",,,,85401,
"2020-12-20 00:00:00",,,,79542,
"2020-12-21 00:00:00",,,,67830,
"2020-12-22 00:00:00",,,,85448,
"2020-12-23 00:00:00",,,,75166,
"2020-12-24 00:00:00",,,,64847,
"2020-12-25 00:00:00",,,,63054,
"2020-12-26 00:00:00",,,,70062,
"2020-12-27 00:00:00",,,,69175,
"2020-12-28 00:00:00",,,,62920,
"2020-12-29 00:00:00",,,,82321,
"2020-12-30 00:00:00",,,,72243,
"2020-12-31 00:00:00",,,,63175,
"2021-01-01 00:00:00",,,,74361,
"2021-01-02 00:00:00",,,,68723,
"2021-01-03 00:00:00",,,,64618,
"2021-01-04 00:00:00",,,,54443,
"2021-01-05 00:00:00",,,,79523,
"2021-01-06 00:00:00",,,,69941,
"2021-01-07 00:00:00",,,,56542,
"2021-01-08 00:00:00",,,,60411,
"2021-01-09 00:00:00",,,,62979,
"2021-01-10 00:00:00",,,,58148,
"2021-01-11 00:00:00",,,,46870,
"2021-01-12 00:00:00",,,,57935,
"2021-01-13 00:00:00",,,,50920,
"2021-01-14 00:00:00",,,,42905,
"2021-01-15 00:00:00",,,,49078,
"2021-01-16 00:00:00",,,,52775,
"2021-01-17 00:00:00",,,,48408,
"2021-01-18 00:00:00",,,,42917,
"2021-01-19 00:00:00",,,,71574,
"2021-01-20 00:00:00",,,,60786,
"2021-01-21 00:00:00",,,,46379,
"2021-01-22 00:00:00",,,,51627,
"2021-01-23 00:00:00",,,,54787,
"2021-01-24 00:00:00",,,,50583,
"2021-01-25 00:00:00",,,,40804,
"2021-01-26 00:00:00",,,,56294,
"2021-01-27 00:00:00",,,,47115,
"2021-01-28 00:00:00",,,,40920,
"2021-01-29 00:00:00",,,,48009,
"2021-01-30 00:00:00",,,,52476,
"2021-01-31 00:00:00",,,,50466,
"2021-02-01 00:00:00",,,,41386,
"2021-02-02 00:00:00",,,,60876,
"2021-02-03 00:00:00",,,,52028,
"2021-02-04 00:00:00",,,,44345,
"2021-02-05 00:00:00",,,,49102,
"2021-02-06 00:00:00",,,,53597,
"2021-02-07 00:00:00",,,,51327,
"2021-02-08 00:00:00",,,,43781,
"2021-02-09 00:00:00",,,,132255,
"2021-02-10 00:00:00",,,,101705,
"2021-02-11 00:00:00",,,,83811,
"2021-02-12 00:00:00",,,,89087,
"2021-02-13 00:00:00",,,,93969,
"2021-02-14 00:00:00",,,,86295,
"2021-02-15 00:00:00",,,,80876,
"2021-02-16 00:00:00",,,,108135,
"2021-02-17 00:00:00",,,,95084,
"2021-02-18 00:00:00",,,,84571,
"2021-02-19 00:00:00",,,,85674,
"2021-02-20 00:00:00",,,,86863,
"2021-02-21 00:00:00",,,,82776,
"2021-02-22 00:00:00",,,,68530,
"2021-02-23 00:00:00",,,,94136,
"2021-02-24 00:00:00",,,,87958,
"2021-02-25 00:00:00",,,,70882,
"2021-02-26 00:00:00",,,,78935,
"2021-02-27 00:00:00",,,,83797,
"2021-02-28 00:00:00",,,,80429,
"2021-03-01 00:00:00",,,,63500,
"2021-03-02 00:00:00",,,,86182,
"2021-03-03 00:00:00",,,,73327,
"2021-03-04 00:00:00",,,,64134,
"2021-03-05 00:00:00",,,,71132,
"2021-03-06 00:00:00",,,,76299,
"2021-03-07 00:00:00",,,,72983,
"2021-03-08 00:00:00",,,,57150,
"2021-03-09 00:00:00",,,,80250,
"2021-03-10 00:00:00",,,,67136,
"2021-03-11 00:00:00",,,,57797,
"2021-03-12 00:00:00",,,,70315,
"2021-03-13 00:00:00",,,,75306,
"2021-03-14 00:00:00",,,,70107,
"2021-03-15 00:00:00",,,,57654,
"2021-03-16 00:00:00",,,,80231,
"2021-03-17 00:00:00",,,,64969,
"2021-03-18 00:00:00",,,,58542,
"2021-03-19 00:00:00",,,,72629,
"2021-03-20 00:00:00",,,,73134,
"2021-03-21 00:00:00",,,,64007,
"2021-03-22 00:00:00",,,,58418,
"2021-03-23 00:00:00",,,,87492,
"2021-03-24 00:00:00",,,,72300,
"2021-03-25 00:00:00",,,,63730,
"2021-03-26 00:00:00",,,,72563,
"2021-03-27 00:00:00",,,,73611,
"2021-03-28 00:00:00",,,,72895,
"2021-03-29 00:00:00",,,,59193,
"2021-03-30 00:00:00",,,,75363,
"2021-03-31 00:00:00",,,,62614,
"2021-04-01 00:00:00",,,,57180,
"2021-04-02 00:00:00",,,,69907,
"2021-04-03 00:00:00",,,,63870,
"2021-04-04 00:00:00",,,,59825,
"2021-04-05 00:00:00",,,,52765,
"2021-04-06 00:00:00",,,,68790,
"2021-04-07 00:00:00",,,,53615,
"2021-04-08 00:00:00",,,,51594,
"2021-04-09 00:00:00",,,,58986,
"2021-04-10 00:00:00",,,,61555,
"2021-04-11 00:00:00",,,,58887,
"2021-04-12 00:00:00",,,,47109,
"2021-04-13 00:00:00",,,,66212,
"2021-04-14 00:00:00",,,,52235,
"2021-04-15 00:00:00",,,,49769,
"2021-04-16 00:00:00",,,,60153,
"2021-04-17 00:00:00",,,,61683,
"2021-04-18 00:00:00",,,,58357,
"2021-04-19 00:00:00",,,,47608,
"2021-04-20 00:00:00",,,,95331,
"2021-04-21 00:00:00",,,,74296,
"2021-04-22 00:00:00",,,,61920,
"2021-04-23 00:00:00",,,,64977,
"2021-04-24 00:00:00",,,,69121,
"2021-04-25 00:00:00",,,,65462,
"2021-04-26 00:00:00",,,,51601,
"2021-04-27 00:00:00",,,,61138,
"2021-04-28 00:00:00",,,,50944,
"2021-04-29 00:00:00",,,,49518,
"2021-04-30 00:00:00",,,,57567,
"2021-05-01 00:00:00",,,,57969,
"2021-05-02 00:00:00",,,,57062,
"2021-05-03 00:00:00",,,,48269,
"2021-05-04 00:00:00",,,,66376,
"2021-05-05 00:00:00",,,,53662,
"2021-05-06 00:00:00",,,,49367,
"2021-05-07 00:00:00",,,,59706,
"2021-05-08 00:00:00",,,,63325,
"2021-05-09 00:00:00",,,,59312,
"2021-05-10 00:00:00",,,,54895,
"2021-05-11 00:00:00",,,,157679,
"2021-05-12 00:00:00",,,,143897,
"2021-05-13 00:00:00",,,,104615,
"2021-05-14 00:00:00",,,,103529,
"2021-05-15 00:00:00",,,,105920,
"2021-05-16 00:00:00",,,,105492,
"2021-05-17 00:00:00",,,,86286,
"2021-05-18 00:00:00",,,,124567,
"2021-05-19 00:00:00",,,,107519,
"2021-05-20 00:00:00",,,,94827,
"2021-05-21 00:00:00",,,,104758,
"2021-05-22 00:00:00",,,,187599,
"2021-05-23 00:00:00",,,,160252,
"2021-05-24 00:00:00",,,,108531,
"2021-05-25 00:00:00",,,,129767,
"2021-05-26 00:00:00",,,,112073,
"2021-05-27 00:00:00",,,,94101,
"2021-05-28 00:00:00",,,,94411,
"2021-05-29 00:00:00",,,,92506,
"2021-05-30 00:00:00",,,,88389,
"2021-05-31 00:00:00",,,,84102,
"2021-06-01 00:00:00",,,,108572,
"2021-06-02 00:00:00",,,,93836,
"2021-06-03 00:00:00",,,,80500,
"2021-06-04 00:00:00",,,,83331,
"2021-06-05 00:00:00",,,,84716,
"2021-06-06 00:00:00",,,,83726,
"2021-06-07 00:00:00",,,,69812,
"2021-06-08 00:00:00",,,,105997,
"2021-06-09 00:00:00",,,,90226,
"2021-06-10 00:00:00",,,,73555,
"2021-06-11 00:00:00",,,,75496,
"2021-06-12 00:00:00",,,,74869,
"2021-06-13 00:00:00",,,,73198,
"2021-06-14 00:00:00",,,,65189,
"2021-06-15 00:00:00",,,,88772,
"2021-06-16 00:00:00",,,,75666,
"2021-06-17 00:00:00",,,,61434,
"2021-06-18 00:00:00",,,,65207,
"2021-06-19 00:00:00",,,,64431,
"2021-06-20 00:00:00",,,,61976,
"2021-06-21 00:00:00",,,,55171,
"2021-06-22 00:00:00",,,,85341,
"2021-06-23 00:00:00",,,,69580,
"2021-06-24 00:00:00",,,,57409,
"2021-06-25 00:00:00",,,,60727,
"2021-06-26 00:00:00",,,,60712,
"2021-06-27 00:00:00",,,,60724,
"2021-06-28 00:00:00",,,,51560,
"2021-06-29 00:00:00",,,,87104,
"2021-06-30 00:00:00",,,,69578,
"2021-07-01 00:00:00",,,,59596,
"2021-07-02 00:00:00",,,,63324,
"2021-07-03 00:00:00",,,,62450,
"2021-07-04 00:00:00",,,,62438,
"2021-07-05 00:00:00",,,,63493,
"2021-07-06 00:00:00",,,,116526,
"2021-07-07 00:00:00",,,,86998,
"2021-07-08 00:00:00",,,,85808,
"2021-07-09 00:00:00",,,,78384,
"2021-07-10 00:00:00",,,,77506,
"2021-07-11 00:00:00",,,,73521,
"2021-07-12 00:00:00",,,,65945,
"2021-07-13 00:00:00",,,,75971,
"2021-07-14 00:00:00",,,,69187,
"2021-07-15 00:00:00",,,,60109,
"2021-07-16 00:00:00",,,,61664,
"2021-07-17 00:00:00",,,,62338,
"2021-07-18 00:00:00",,,,63029,
"2021-07-19 00:00:00",,,,55781,
"2021-07-20 00:00:00",,,,65192,
"2021-07-21 00:00:00",,,,59408,
"2021-07-22 00:00:00",,,,52317,
"2021-07-23 00:00:00",,,,52620,
"2021-07-24 00:00:00",,,,54769,
"2021-07-25 00:00:00",,,,55109,
"2021-07-26 00:00:00",,,,47993,
"2021-07-27 00:00:00",,,,63601,
"2021-07-28 00:00:00",,,,59306,
"2021-07-29 00:00:00",,,,53105,
"2021-07-30 00:00:00",,,,53538,
"2021-07-31 00:00:00",,,,55567,
"2021-08-01 00:00:00",,,,58011,
"2021-08-02 00:00:00",,,,50857,
"2021-08-03 00:00:00",,,,63158,
"2021-08-04 00:00:00",,,,56181,
"2021-08-05 00:00:00",,,,48885,
"2021-08-06 00:00:00",,,,48632,
"2021-08-07 00:00:00",,,,50774,
"2021-08-08 00:00:00",,,,52502,
"2021-08-09 00:00:00",,,,45307,
"2021-08-10 00:00:00",,,,71787,
"2021-08-11 00:00:00",,,,53105,
"2021-08-12 00:00:00",,,,46039,
"2021-08-13 00:00:00",,,,46053,
"2021-08-14 00:00:00",,,,48580,
"2021-08-15 00:00:00",,,,50579,
"2021-08-16 00:00:00",,,,43448,
"2021-08-17 00:00:00",,,,58598,
"2021-08-18 00:00:00",,,,45150,
"2021-08-19 00:00:00",,,,44925,
"2021-08-20 00:00:00",,,,53188,
"2021-08-21 00:00:00",,,,56528,
"2021-08-22 00:00:00",,,,61178,
"2021-08-23 00:00:00",,,,53316,
"2021-08-24 00:00:00",,,,178241,
"2021-08-25 00:00:00",,,,157462,
"2021-08-26 00:00:00",,,,128733,
"2021-08-27 00:00:00",,,,127156,
"2021-08-28 00:00:00",,,,136664,
"2021-08-29 00:00:00",,,,142277,
"2021-08-30 00:00:00",,,,121044,
"2021-08-31 00:00:00",,,,151644,
"2021-09-01 00:00:00",,,,147575,
"2021-09-02 00:00:00",,,,127510,
"2021-09-03 00:00:00",,,,120138,
"2021-09-04 00:00:00",,,,129442,
"2021-09-05 00:00:00",,,,131147,
"2021-09-06 00:00:00",,,,133727,
"2021-09-07 00:00:00",,,,133755,
"2021-09-08 00:00:00",,,,128425,
"2021-09-09 00:00:00",,,,112221,
"2021-09-10 00:00:00",,,,120388,
"2021-09-11 00:00:00",,,,134284,
"2021-09-12 00:00:00",,,,131486,
"2021-09-13 00:00:00",,,,116437,
"2021-09-14 00:00:00",,,,141204,
"2021-09-15 00:00:00",,,,135487,
"2021-09-16 00:00:00",,,,114125,
"2021-09-17 00:00:00",,,,123398,
"2021-09-18 00:00:00",,,,127777,
"2021-09-19 00:00:00",,,,125926,
"2021-09-20 00:00:00",,,,110282,
"2021-09-21 00:00:00",,,,125262,
"2021-09-22 00:00:00",,,,104986,
"2021-09-23 00:00:00",,,,108631,
"2021-09-24 00:00:00",,,,110908,
"2021-09-25 00:00:00",,,,118979,
"2021-09-26 00:00:00",,,,118358,
"2021-09-27 00:00:00",,,15451,101646,
"2021-09-28 00:00:00",,,707230,112631,
"2021-09-29 00:00:00",,,734496,111437,
"2021-09-30 00:00:00",,,758543,95372,
"2021-10-01 00:00:00",,,801642,90846,
"2021-10-02 00:00:00",,,865329,96760,
"2021-10-03 00:00:00",,,913634,96981,
"2021-10-04 00:00:00",,,790682,83090,
"2021-10-05 00:00:00",,,745337,105732,
"2021-10-06 00:00:00",,,739529,99169,
"2021-10-07 00:00:00",,,654415,80556,
"2021-10-08 00:00:00",,,640956,84343,
"2021-10-09 00:00:00",,,680520,90479,
"2021-10-10 00:00:00",,,727333,93474,
"2021-10-11 00:00:00",,,664233,80198,
"2021-10-12 00:00:00",,,607446,128632,
"2021-10-13 00:00:00",,,521790,117543,
"2021-10-14 00:00:00",,,555907,96129,
"2021-10-15 00:00:00",,,543706,94615,
"2021-10-16 00:00:00",,,586895,101890,
"2021-10-17 00:00:00",,,609137,101401,
"2021-10-18 00:00:00",,,515683,85025,
"2021-10-19 00:00:00",,,478838,86189,
"2021-10-20 00:00:00",,,470559,84549,
"2021-10-21 00:00:00",,,471328,72505,
"2021-10-22 00:00:00",,,453385,81301,
"2021-10-23 00:00:00",,,486464,87467,
"2021-10-24 00:00:00",,,506623,86661,
"2021-10-25 00:00:00",,,426889,73172,
"2021-10-26 00:00:00",,,399951,79864,
"2021-10-27 00:00:00",,,377147,76585,
"2021-10-28 00:00:00",,,377676,67264,
"2021-10-29 00:00:00",,,372611,73907,
"2021-10-30 00:00:00",,,398638,78610,
"2021-10-31 00:00:00",,,404689,77918,
"2021-11-01 00:00:00",,,359960,64904,
"2021-11-02 00:00:00",,,303184,76489,
"2021-11-03 00:00:00",,,315467,76328,
"2021-11-04 00:00:00",,,294669,67729,
"2021-11-05 00:00:00",,,285336,63883,
"2021-11-06 00:00:00",,,298826,70048,
"2021-11-07 00:00:00",,,307146,69444,
"2021-11-08 00:00:00",,,258195,60263,
"2021-11-09 00:00:00",,,244320,61400,
"2021-11-10 00:00:00",,,234235,61376,
"2021-11-11 00:00:00",,,237454,55104,
"2021-11-12 00:00:00",,,226631,59259,
"2021-11-13 00:00:00",,,238022,64379,
"2021-11-14 00:00:00",,,248323,62539,
"2021-11-15 00:00:00",,,196047,53802,
"2021-11-16 00:00:00",,,177542,50057,
"2021-11-17 00:00:00",,,188768,49415,
"2021-11-18 00:00:00",,,207090,44522,
"2021-11-19 00:00:00",,,193127,49793,
"2021-11-20 00:00:00",,,194674,54019,
"2021-11-21 00:00:00",,,196093,53496,
"2021-11-22 00:00:00",,,175862,44800,
"2021-11-23 00:00:00",,,169465,51321,
"2021-11-24 00:00:00",,,125934,48199,
"2021-11-25 00:00:00",,,154264,44418,
"2021-11-26 00:00:00",,,159197,55085,
"2021-11-27 00:00:00",,,159939,54104,
"2021-11-28 00:00:00",,,177572,54786,
"2021-11-29 00:00:00",,,145906,46149,
"2021-11-30 00:00:00",,,139996,45518,
"2021-12-01 00:00:00",,,136887,46039,
"2021-12-02 00:00:00",,,132026,41394,
"2021-12-03 00:00:00",,,131874,48115,
"2021-12-04 00:00:00",,,139286,54506,
"2021-12-05 00:00:00",,,145362,54378,
"2021-12-06 00:00:00",,,127772,45695,
"2021-12-07 00:00:00",,,101396,155470,
"2021-12-08 00:00:00",,,119135,144725,
"2021-12-09 00:00:00",,,112204,102817,
"2021-12-10 00:00:00",,,111700,88176,
"2021-12-11 00:00:00",,,118153,99533,
"2021-12-12 00:00:00",,,122808,95486,
"2021-12-13 00:00:00",,,106778,80014,
"2021-12-14 00:00:00",,,104364,107821,
"2021-12-15 00:00:00",,,98664,107139,
"2021-12-16 00:00:00",,,118635,86060,
"2021-12-17 00:00:00",,,111651,82483,
"2021-12-18 00:00:00",,,119182,86971,
"2021-12-19 00:00:00",,,124192,85631,
"2021-12-20 00:00:00",,,116611,73850,
"2021-12-21 00:00:00",,,114486,84372,
"2021-12-22 00:00:00",,,111506,79722,
"2021-12-23 00:00:00",,,109349,69072,
"2021-12-24 00:00:00",,,90479,65928,
"2021-12-25 00:00:00",,,98483,61768,
"2021-12-26 00:00:00",,,114609,69405,
"2021-12-27 00:00:00",,,115743,68621,
"2021-12-28 00:00:00",,,114328,80579,
"2021-12-29 00:00:00",,,113348,75299,
"2021-12-30 00:00:00",,,112688,67534,
"2021-12-31 00:00:00",,,97026,67984,
"2022-01-01 00:00:00",,,114946,77885,
"2022-01-02 00:00:00",,,117504,76821,
"2022-01-03 00:00:00",,,109256,71003,
"2022-01-04 00:00:00",,,103703,73688,
"2022-01-05 00:00:00",,,101554,74217,
"2022-01-06 00:00:00",,,101543,66672,
"2022-01-07 00:00:00",,,101027,72044,
"2022-01-08 00:00:00",,,108032,78867,
"2022-01-09 00:00:00",,,109344,76264,
"2022-01-10 00:00:00",,,96143,66215,
"2022-01-11 00:00:00",,,90873,71836,
"2022-01-12 00:00:00",,,87698,73774,
"2022-01-13 00:00:00",,,86191,65274,
"2022-01-14 00:00:00",,,88943,67727,
"2022-01-15 00:00:00",,,94357,77204,
"2022-01-16 00:00:00",,,97840,75368,
"2022-01-17 00:00:00",,,90845,67956,
"2022-01-18 00:00:00",,,83854,65223,
"2022-01-19 00:00:00",,,82206,68563,
"2022-01-20 00:00:00",,,77925,61316,
"2022-01-21 00:00:00",,,78813,65179,
"2022-01-22 00:00:00",,,83299,71812,
"2022-01-23 00:00:00",,,86467,72224,
"2022-01-24 00:00:00",,,76252,60738,
"2022-01-25 00:00:00",,,78279,63701,
"2022-01-26 00:00:00",,,71395,68280,
"2022-01-27 00:00:00",,,75176,61441,
"2022-01-28 00:00:00",,,74757,61897,
"2022-01-29 00:00:00",,,79671,72423,
"2022-01-30 00:00:00",,,81034,67362,
"2022-01-31 00:00:00",,,70241,58007,
"2022-02-01 00:00:00",,,67963,62740,
"2022-02-02 00:00:00",,,66223,65072,
"2022-02-03 00:00:00",,,65534,60710,
"2022-02-04 00:00:00",,,62825,66264,
"2022-02-05 00:00:00",,,63288,71985,
"2022-02-06 00:00:00",,,64503,70610,
"2022-02-07 00:00:00",,,55130,60434,
"2022-02-08 00:00:00",,,47002,61691,
"2022-02-09 00:00:00",,,44542,62532,
"2022-02-10 00:00:00",,,46062,56769,
"2022-02-11 00:00:00",,,51023,61673,
"2022-02-12 00:00:00",,,45287,67311,
"2022-02-13 00:00:00",,,48228,68208,
"2022-02-14 00:00:00",,,38864,50724,
"2022-02-15 00:00:00",,,39330,86926,
"2022-02-16 00:00:00",,,38478,83130,
"2022-02-17 00:00:00",,,38786,72154,
"2022-02-18 00:00:00",,,39012,70828,
"2022-02-19 00:00:00",,,40476,82124,
"2022-02-20 00:00:00",,,43177,86589,
"2022-02-21 00:00:00",,,40187,83005,
"2022-02-22 00:00:00",,,37439,290112,
"2022-02-23 00:00:00",,,36421,282069,
"2022-02-24 00:00:00",,,33864,219076,
"2022-02-25 00:00:00",,,33457,181870,
"2022-02-26 00:00:00",,,34238,183818,
"2022-02-27 00:00:00",,,35857,177340,
"2022-02-28 00:00:00",,,36190,155884,
"2022-03-01 00:00:00",,,33197,147180,
"2022-03-02 00:00:00",,,31260,144475,
"2022-03-03 00:00:00",,,28253,133096,
"2022-03-04 00:00:00",,,26955,128300,
"2022-03-05 00:00:00",,,31466,229217,
"2022-03-06 00:00:00",,,34158,219463,
"2022-03-07 00:00:00",,,30892,143291,
"2022-03-08 00:00:00",,,30079,137622,
"2022-03-09 00:00:00",,,30062,136036,
"2022-03-10 00:00:00",,,29596,119192,
"2022-03-11 00:00:00",,,29884,118912,
"2022-03-12 00:00:00",,,32085,133981,
"2022-03-13 00:00:00",,,33476,127095,
"2022-03-14 00:00:00",,,29636,109706,
"2022-03-15 00:00:00",,,28996,120642,
"2022-03-16 00:00:00",,,28435,124146,
"2022-03-17 00:00:00",,,28333,107120,
"2022-03-18 00:00:00",,,28802,98859,
"2022-03-19 00:00:00",,,30053,109705,
"2022-03-20 00:00:00",,,31722,106662,
"2022-03-21 00:00:00",,,28908,91585,
"2022-03-22 00:00:00",,,27864,101673,
"2022-03-23 00:00:00",,,27282,102816,
"2022-03-24 00:00:00",,,26371,88471,
"2022-03-25 00:00:00",,,26628,87545,
"2022-03-26 00:00:00",,,27581,98106,
"2022-03-27 00:00:00",,,29360,95967,
"2022-03-28 00:00:00",,,26256,80409,
"2022-03-29 00:00:00",,,26692,84835,
"2022-03-30 00:00:00",,,26006,85603,
"2022-03-31 00:00:00",,,31612,72298,
"2022-04-01 00:00:00",,,31447,75201,
"2022-04-02 00:00:00",,,35215,86921,
"2022-04-03 00:00:00",,,37283,87809,
"2022-04-04 00:00:00",,,31208,74095,
"2022-04-05 00:00:00",,,30645,81824,
"2022-04-06 00:00:00",,,29637,83905,
"2022-04-07 00:00:00",,,31036,73513,
"2022-04-08 00:00:00",,,32760,75244,
"2022-04-09 00:00:00",,,36364,88334,
"2022-04-10 00:00:00",,,37846,86026,
"2022-04-11 00:00:00",,,31656,74334,
"2022-04-12 00:00:00",,,30978,76005,
"2022-04-13 00:00:00",,,30952,79858,
"2022-04-14 00:00:00",,,30116,70932,
"2022-04-15 00:00:00",,,31264,73227,
"2022-04-16 00:00:00",,,30975,76968,
"2022-04-17 00:00:00",,,31680,73095,
"2022-04-18 00:00:00",,,30235,64711,
"2022-04-19 00:00:00",,,28606,70780,
"2022-04-20 00:00:00",,,28163,71277,
"2022-04-21 00:00:00",,,28512,61898,
"2022-04-22 00:00:00",,,28110,64726,
"2022-04-23 00:00:00",,,29284,73463,
"2022-04-24 00:00:00",,,31087,70403,
"2022-04-25 00:00:00",,,26529,61266,
"2022-04-26 00:00:00",,,27070,62821,
"2022-04-27 00:00:00",,,26406,64388,
"2022-04-28 00:00:00",,,25397,54186,
"2022-04-29 00:00:00",,,25414,60309,
"2022-04-30 00:00:00",,,26700,69710,
"2022-05-01 00:00:00",,,28554,68594,
"2022-05-02 00:00:00",,,25315,59092,
"2022-05-03 00:00:00",,,24170,94265,
"2022-05-04 00:00:00",,,23889,89202,
"2022-05-05 00:00:00",,,23387,73190,
"2022-05-06 00:00:00",,,23581,72645,
"2022-05-07 00:00:00",,,24631,77963,
"2022-05-08 00:00:00",,,25338,73733,
"2022-05-09 00:00:00",,,23860,63436,
"2022-05-10 00:00:00",,,23091,68253,
"2022-05-11 00:00:00",,,22280,66827,
"2022-05-12 00:00:00",,,22820,59457,
"2022-05-13 00:00:00",,,22663,61015,
"2022-05-14 00:00:00",,,23157,67070,
"2022-05-15 00:00:00",,,25507,68488,
"2022-05-16 00:00:00",,,22978,58329,
"2022-05-17 00:00:00",,,22113,64914,
"2022-05-18 00:00:00",,,21165,65057,
"2022-05-19 00:00:00",,,21155,60890,
"2022-05-20 00:00:00",,,21247,65558,
"2022-05-21 00:00:00",,,21948,71143,
"2022-05-22 00:00:00",,,23526,72765,
"2022-05-23 00:00:00",,,21477,62744,
"2022-05-24 00:00:00",,,20922,180392,
"2022-05-25 00:00:00",,,20719,150448,
"2022-05-26 00:00:00",,,20991,117245,
"2022-05-27 00:00:00",,,21528,161401,
"2022-05-28 00:00:00",,,21286,139922,
"2022-05-29 00:00:00",,,23598,131024,
"2022-05-30 00:00:00",,,22989,130370,
"2022-05-31 00:00:00",,,21353,135505,
"2022-06-01 00:00:00",,,20226,127109,
"2022-06-02 00:00:00",,,20131,114254,
"2022-06-03 00:00:00",,,20034,113063,
"2022-06-04 00:00:00",,,20553,118946,
"2022-06-05 00:00:00",,,22738,118955,
"2022-06-06 00:00:00",,,21714,104219,
"2022-06-07 00:00:00",,,20597,114892,
"2022-06-08 00:00:00",,,19979,107536,
"2022-06-09 00:00:00",,,18972,89778,
"2022-06-10 00:00:00",,,18405,89900,
"2022-06-11 00:00:00",,,18862,93979,
"2022-06-12 00:00:00",,,20736,94256,
"2022-06-13 00:00:00",,,19726,82765,
"2022-06-14 00:00:00",,,19525,98735,
"2022-06-15 00:00:00",,,18566,92580,
"2022-06-16 00:00:00",,,18813,78876,
"2022-06-17 00:00:00",,,17723,77492,
"2022-06-18 00:00:00",,,18019,82940,
"2022-06-19 00:00:00",,,18616,78727,
"2022-06-20 00:00:00",,,18963,71723,
"2022-06-21 00:00:00",,,17900,93707,
"2022-06-22 00:00:00",,,16216,84388,
"2022-06-23 00:00:00",,,16235,68127,
"2022-06-24 00:00:00",,,16865,67971,
"2022-06-25 00:00:00",,,18223,71697,
"2022-06-26 00:00:00",,,19746,74560,
"2022-06-27 00:00:00",,,17396,64391,
"2022-06-28 00:00:00",,,17089,84563,
"2022-06-29 00:00:00",,,16828,77942,
"2022-06-30 00:00:00",,,16519,64199,
"2022-07-01 00:00:00",,,18995,64250,
"2022-07-02 00:00:00",,,19643,65654,
"2022-07-03 00:00:00",,,21393,65508,
"2022-07-04 00:00:00",,,20991,66544,
"2022-07-05 00:00:00",,,17678,87236,
"2022-07-06 00:00:00",,,17368,78820,
"2022-07-07 00:00:00",,,16654,66370,
"2022-07-08 00:00:00",,,16529,63636,
"2022-07-09 00:00:00",,,17341,68862,
"2022-07-10 00:00:00",,,18869,70335,
"2022-07-11 00:00:00",,,16942,62310,
"2022-07-12 00:00:00",,,16286,73428,
"2022-07-13 00:00:00",,,16199,72823,
"2022-07-14 00:00:00",,,16249,63520,
"2022-07-15 00:00:00",,,16535,63557,
"2022-07-16 00:00:00",,,17498,68949,
"2022-07-17 00:00:00",,,19115,70154,
"2022-07-18 00:00:00",,,16996,62857,
"2022-07-19 00:00:00",,,16539,103075,
"2022-07-20 00:00:00",,,16263,101523,
"2022-07-21 00:00:00",,,16209,78960,
"2022-07-22 00:00:00",,,17176,74332,
"2022-07-23 00:00:00",,,17847,76721,
"2022-07-24 00:00:00",,,19575,78528,
"2022-07-25 00:00:00",,,17748,68169,
"2022-07-26 00:00:00",,,17583,71206,
"2022-07-27 00:00:00",,,17929,69889,
"2022-07-28 00:00:00",,,24221,63016,
"2022-07-29 00:00:00",,,22868,65236,
"2022-07-30 00:00:00",,,24394,69652,
"2022-07-31 00:00:00",,,26677,72983,
"2022-08-01 00:00:00",,,23753,63933,
"2022-08-02 00:00:00",,,23055,68685,
"2022-08-03 00:00:00",,,21901,69943,
"2022-08-04 00:00:00",,,21768,63289,
"2022-08-05 00:00:00",,,21777,61604,
"2022-08-06 00:00:00",,,23836,67755,
"2022-08-07 00:00:00",,,25758,72463,
"2022-08-08 00:00:00",,,22520,64264,
"2022-08-09 00:00:00",,,21684,65548,
"2022-08-10 00:00:00",,,22020,59993,
"2022-08-11 00:00:00",,,21016,53295,
"2022-08-12 00:00:00",,,21824,54257,
"2022-08-13 00:00:00",,,22687,59506,
"2022-08-14 00:00:00",,,24492,64059,
"2022-08-15 00:00:00",,,21680,58525,
"2022-08-16 00:00:00",,,21331,65123,
"2022-08-17 00:00:00",,,20976,63608,
"2022-08-18 00:00:00",,,21111,60455,
"2022-08-19 00:00:00",,,21905,60987,
"2022-08-20 00:00:00",,,23295,68135,
"2022-08-21 00:00:00",,,25435,74896,
"2022-08-22 00:00:00",,,21563,64786,
"2022-08-23 00:00:00",,,21125,193209,
"2022-08-24 00:00:00",,,20177,167825,
"2022-08-25 00:00:00",,,20405,140404,
"2022-08-26 00:00:00",,,20543,185297,
"2022-08-27 00:00:00",,,22301,186161,
"2022-08-28 00:00:00",,,24353,168071,
"2022-08-29 00:00:00",,,21468,149124,
"2022-08-30 00:00:00",,,22331,143765,
"2022-08-31 00:00:00",,,22236,151901,
"2022-09-01 00:00:00",,,22242,133280,
"2022-09-02 00:00:00",,,23977,128856,
"2022-09-03 00:00:00",,,27591,136539,
"2022-09-04 00:00:00",,,31587,139516,
"2022-09-05 00:00:00",,,33173,144876,
"2022-09-06 00:00:00",,,30000,139256,
"2022-09-07 00:00:00",,,30489,149576,
"2022-09-08 00:00:00",,,30156,133140,
"2022-09-09 00:00:00",,,31953,122130,
"2022-09-10 00:00:00",,,36621,136533,
"2022-09-11 00:00:00",,,41256,134916,
"2022-09-12 00:00:00",,,36162,119172,
"2022-09-13 00:00:00",,,35426,123669,
"2022-09-14 00:00:00",,,34657,131838,
"2022-09-15 00:00:00",,,34169,112799,
"2022-09-16 00:00:00",,,34673,110081,
"2022-09-17 00:00:00",,,39144,124514,
"2022-09-18 00:00:00",,,42878,120161,
"2022-09-19 00:00:00",,,38178,106199,
"2022-09-20 00:00:00",,,37022,116863,
"2022-09-21 00:00:00",,,36445,120013,
"2022-09-22 00:00:00",,,34626,104818,
"2022-09-23 00:00:00",,,35811,96162,
"2022-09-24 00:00:00",,,40239,107616,
"2022-09-25 00:00:00",,,45754,104559,
"2022-09-26 00:00:00",,,39945,90588,
"2022-09-27 00:00:00",,,39340,105036,
"2022-09-28 00:00:00",,,38349,107814,
"2022-09-29 00:00:00",,,39049,90386,
"2022-09-30 00:00:00",,,39438,87448,
"2022-10-01 00:00:00",,,44257,98485,
"2022-10-02 00:00:00",,,48297,99565,
"2022-10-03 00:00:00",,,40667,86227,
"2022-10-04 00:00:00",,,39184,93935,
"2022-10-05 00:00:00",,,40384,93735,
"2022-10-06 00:00:00",,,38992,78825,
"2022-10-07 00:00:00",,,39248,78755,
"2022-10-08 00:00:00",,,42653,84494,
"2022-10-09 00:00:00",,,45227,84183,
"2022-10-10 00:00:00",,,41175,72188,
"2022-10-11 00:00:00",,,38431,83276,
"2022-10-12 00:00:00",,,38753,81418,
"2022-10-13 00:00:00",,,37565,66931,
"2022-10-14 00:00:00",,,37698,67938,
"2022-10-15 00:00:00",,,41950,74775,
"2022-10-16 00:00:00",,,45639,74496,
"2022-10-17 00:00:00",,,39695,63485,
"2022-10-18 00:00:00",,,65171,103063,
"2022-10-19 00:00:00",,,61595,96330,
"2022-10-20 00:00:00",,,58743,81360,94509
"2022-10-21 00:00:00",,,58755,74047,94655
"2022-10-22 00:00:00",,,63687,80831,73903
"2022-10-23 00:00:00",,,69785,80176,57497
"2022-10-24 00:00:00",,,58966,67387,39655
"2022-10-25 00:00:00",,,57358,71540,33675
"2022-10-26 00:00:00",,,53934,71475,29762
"2022-10-27 00:00:00",,,51801,63578,39423
"2022-10-28 00:00:00",,,50162,61157,238522
"2022-10-29 00:00:00",,,53509,65942,247839
"2022-10-30 00:00:00",,,57982,66388,263174
"2022-10-31 00:00:00",,,48301,56847,239193
"2022-11-01 00:00:00",,,48507,60675,209738
"2022-11-02 00:00:00",,,119390,59780,217106
"2022-11-03 00:00:00",,,108689,52771,212674
"2022-11-04 00:00:00",,,112710,55484,209268
"2022-11-05 00:00:00",,,123169,60878,229727
"2022-11-06 00:00:00",,,137755,60534,235116
"2022-11-07 00:00:00",,,116636,51921,211283
"2022-11-08 00:00:00",,,111911,51036,197997
"2022-11-09 00:00:00",,,105223,51668,190399
"2022-11-10 00:00:00",,,103243,45450,176971
"2022-11-11 00:00:00",,,108185,49802,177954
"2022-11-12 00:00:00",,,115149,52628,196198
"2022-11-13 00:00:00",,,121904,50336,193510
"2022-11-14 00:00:00",,,104328,42690,176088
"2022-11-15 00:00:00",,,104310,44717,174692
"2022-11-16 00:00:00",,,87455,45203,416212
"2022-11-17 00:00:00",,,84558,38213,452281
"2022-11-18 00:00:00",,,84965,40238,428865
"2022-11-19 00:00:00",,,92181,45399,475966
"2022-11-20 00:00:00",,,97193,44471,491670
"2022-11-21 00:00:00",,,81153,37886,366950
"2022-11-22 00:00:00",,,78454,46130,370579
"2022-11-23 00:00:00",,,75968,45035,329500
"2022-11-24 00:00:00",,,72150,39483,326507
"2022-11-25 00:00:00",,,78618,40824,338989
"2022-11-26 00:00:00",,,81886,42305,373087
"2022-11-27 00:00:00",,,86904,42421,385441
"2022-11-28 00:00:00",,,74396,37888,294675
"2022-11-29 00:00:00",,,70442,40479,278096
"2022-11-30 00:00:00",,,65618,42995,273735
"2022-12-01 00:00:00",,,64567,37855,261988
"2022-12-02 00:00:00",,,65280,36268,272483
"2022-12-03 00:00:00",,,71482,46190,310040
"2022-12-04 00:00:00",,,74228,45984,308344
"2022-12-05 00:00:00",,,63236,40120,237340
"2022-12-06 00:00:00",,,59978,122279,258641
"2022-12-07 00:00:00",,,59696,105064,217809
"2022-12-08 00:00:00",,,53058,80827,213400
"2022-12-09 00:00:00",,,55542,108126,215826
"2022-12-10 00:00:00",,,59505,106430,243657
"2022-12-11 00:00:00",,,64919,92284,244790
"2022-12-12 00:00:00",,,55361,79186,191258
"2022-12-13 00:00:00",,,53125,103287,188738
"2022-12-14 00:00:00",,,49282,107317,185757
"2022-12-15 00:00:00",,,49533,88186,237217
"2022-12-16 00:00:00",,,52867,81856,279286
"2022-12-17 00:00:00",,,59514,86810,306264
"2022-12-18 00:00:00",,,63196,85761,307950
"2022-12-19 00:00:00",,,53324,76182,247674
"2022-12-20 00:00:00",,,53501,109631,190726
"2022-12-21 00:00:00",,,51278,106028,183917
"2022-12-22 00:00:00",,,50944,86423,182537
"2022-12-23 00:00:00",,,51163,82640,184421
"2022-12-24 00:00:00",,,43060,78643,187858
"2022-12-25 00:00:00",,,45133,61133,175160
"2022-12-26 00:00:00",,,51430,72287,176286
"2022-12-27 00:00:00",,,50974,97492,169808
"2022-12-28 00:00:00",,,49115,91077,169466
"2022-12-29 00:00:00",,,48607,74592,163706
"2022-12-30 00:00:00",,,48339,73698,162276
"2022-12-31 00:00:00",,,41864,78103,153106
"2023-01-01 00:00:00",,,48588,79141,159613
"2023-01-02 00:00:00",,,49950,81589,167294
"2023-01-03 00:00:00",,,45178,95205,147417
"2023-01-04 00:00:00",,,43835,92274,144651
"2023-01-05 00:00:00",,,43207,80618,142279
"2023-01-06 00:00:00",,,44337,77282,147204
"2023-01-07 00:00:00",,,47162,86062,158186
"2023-01-08 00:00:00",,,48611,84828,165008
"2023-01-09 00:00:00",,,41038,75558,126219
"2023-01-10 00:00:00",,,42818,80242,124778
"2023-01-11 00:00:00",,,38749,83476,122402
"2023-01-12 00:00:00",,,37527,76418,114699
"2023-01-13 00:00:00",,,38127,71609,121075
"2023-01-14 00:00:00",,,41742,81713,139396
"2023-01-15 00:00:00",,,42994,80909,144789
"2023-01-16 00:00:00",,,38524,71444,121185
"2023-01-17 00:00:00",,,35143,94493,105498
"2023-01-18 00:00:00",,,34268,96604,105089
"2023-01-19 00:00:00",,,32785,86363,106278
"2023-01-20 00:00:00",,,33131,81378,111281
"2023-01-21 00:00:00",,,35765,89732,126422
"2023-01-22 00:00:00",,,38223,90679,136350
"2023-01-23 00:00:00",,,31572,76653,103446
"2023-01-24 00:00:00",,,31884,76813,100738
"2023-01-25 00:00:00",,,30867,83586,100640
"2023-01-26 00:00:00",,,30541,90597,98392
"2023-01-27 00:00:00",,,30748,80711,102545
"2023-01-28 00:00:00",,,33940,87695,117447
"2023-01-29 00:00:00",,,36421,86982,125652
"2023-01-30 00:00:00",,,30851,75512,97084
"2023-01-31 00:00:00",,,30231,88659,96485
"2023-02-01 00:00:00",,,28640,93730,94189
"2023-02-02 00:00:00",,,27839,87791,94602
"2023-02-03 00:00:00",,,28361,86850,100921
"2023-02-04 00:00:00",,,30953,98549,116193
"2023-02-05 00:00:00",,,32988,98310,121364
"2023-02-06 00:00:00",,,26796,86199,92031
"2023-02-07 00:00:00",,,26807,84159,90501
"2023-02-08 00:00:00",,489139,26032,81915,88231
"2023-02-09 00:00:00",,469893,25586,76455,90409
"2023-02-10 00:00:00",,693454,25742,75788,94985
"2023-02-11 00:00:00",,807112,27013,86803,108677
"2023-02-12 00:00:00",,879308,28392,88322,112685
"2023-02-13 00:00:00",,650470,24491,68264,88338
"2023-02-14 00:00:00",,508506,22881,84810,82380
"2023-02-15 00:00:00",,512236,23128,81940,138135
"2023-02-16 00:00:00",,474914,22615,78451,143553
"2023-02-17 00:00:00",,465255,23585,83133,148032
"2023-02-18 00:00:00",,503894,24724,93263,165294
"2023-02-19 00:00:00",,527849,26230,94645,169211
"2023-02-20 00:00:00",,416766,24564,84595,144867
"2023-02-21 00:00:00",,337623,24429,93814,133432
"2023-02-22 00:00:00",,309375,23765,101760,134302
"2023-02-23 00:00:00",,275584,22580,97586,133483
"2023-02-24 00:00:00",,266177,22408,101397,131213
"2023-02-25 00:00:00",,306615,24251,119558,146920
"2023-02-26 00:00:00",,317278,25347,128692,148861
"2023-02-27 00:00:00",,216634,21961,118039,112674
"2023-02-28 00:00:00",,191754,21575,316750,114454
"2023-03-01 00:00:00",,169841,20529,313267,115311
"2023-03-02 00:00:00",,159715,20526,242911,116327
"2023-03-03 00:00:00",,161401,21021,221116,120530
"2023-03-04 00:00:00",,190727,22656,226798,135046
"2023-03-05 00:00:00",,204351,24249,222263,137165
"2023-03-06 00:00:00",,139406,21140,197568,100433
"2023-03-07 00:00:00",,126912,21383,190013,103430
"2023-03-08 00:00:00",,105603,20120,200390,103480
"2023-03-09 00:00:00",,106805,20144,168408,101559
"2023-03-10 00:00:00",,111415,20713,249376,108478
"2023-03-11 00:00:00",,130990,21724,254694,123864
"2023-03-12 00:00:00",,145356,23427,212492,126549
"2023-03-13 00:00:00",,98398,20501,182994,97524
"2023-03-14 00:00:00",,90272,20257,182849,95803
"2023-03-15 00:00:00",,80508,19140,189976,94022
"2023-03-16 00:00:00",,74533,18839,167499,108923
"2023-03-17 00:00:00",,75266,18515,168803,127754
"2023-03-18 00:00:00",,89084,20024,174772,154840
"2023-03-19 00:00:00",,99171,22236,181451,158593
"2023-03-20 00:00:00",,69668,19511,162117,125124
"2023-03-21 00:00:00",,62581,19561,174216,97027
"2023-03-22 00:00:00",,57380,19177,179426,95663
"2023-03-23 00:00:00",,54484,19093,155772,93446
"2023-03-24 00:00:00",,54200,17909,148202,97883
"2023-03-25 00:00:00",,66021,19348,150783,110966
"2023-03-26 00:00:00",,74611,20914,149840,114051
"2023-03-27 00:00:00",,51552,18448,130495,89044
"2023-03-28 00:00:00",,46838,18382,140535,89096
"2023-03-29 00:00:00",,43959,18726,141752,87155
"2023-03-30 00:00:00",,42082,17795,121305,89782
"2023-03-31 00:00:00",,44012,18272,128322,94433
"2023-04-01 00:00:00",,53519,19457,140243,115357
"2023-04-02 00:00:00",,59185,20899,142188,117329
"2023-04-03 00:00:00",,41524,18278,124371,91926
"2023-04-04 00:00:00",,37600,26628,128166,88672
"2023-04-05 00:00:00",,35386,25852,136223,85220
"2023-04-06 00:00:00",,35609,25652,121265,85932
"2023-04-07 00:00:00",,40905,27383,123581,97200
"2023-04-08 00:00:00",,42099,27612,128712,97880
"2023-04-09 00:00:00",,44550,28268,121835,95230
"2023-04-10 00:00:00",,39276,26369,112907,88743
"2023-04-11 00:00:00",,31696,24765,119872,77452
"2023-04-12 00:00:00",,29513,25178,129043,107374
"2023-04-13 00:00:00",,27900,23905,113771,115989
"2023-04-14 00:00:00",,29132,24227,110188,118848
"2023-04-15 00:00:00",,35053,26263,122778,133920
"2023-04-16 00:00:00",,40049,27691,125626,133233
"2023-04-17 00:00:00",,27626,23582,111756,107034
"2023-04-18 00:00:00",,24908,22958,116147,102715
"2023-04-19 00:00:00",,23251,22081,121753,101945
"2023-04-20 00:00:00",,22697,21756,103463,117997
"2023-04-21 00:00:00",,24085,21936,105330,120990
"2023-04-22 00:00:00",,29160,23952,111947,140299
"2023-04-23 00:00:00",,33995,26190,109390,147120
"2023-04-24 00:00:00",,23613,22327,95247,119191
"2023-04-25 00:00:00",,21869,22887,97545,104903
"2023-04-26 00:00:00",,19986,23219,100444,95987
"2023-04-27 00:00:00",,19422,22285,88820,88044
"2023-04-28 00:00:00",,20723,22036,85183,87417
"2023-04-29 00:00:00",,25464,23698,95345,94922
"2023-04-30 00:00:00",,29772,26099,96824,99373
"2023-05-01 00:00:00",,25677,23333,85351,92691
"2023-05-02 00:00:00",,19901,22248,112002,76706
"2023-05-03 00:00:00",,18189,20855,111647,76287
"2023-05-04 00:00:00",,17253,20476,90880,79577
"2023-05-05 00:00:00",,17820,20599,89071,82389
"2023-05-06 00:00:00",,23171,22328,94343,94807
"2023-05-07 00:00:00",,26943,23538,94584,95078
"2023-05-08 00:00:00",,20570,20697,84076,81385
"2023-05-09 00:00:00",,18482,20123,80203,77226
"2023-05-10 00:00:00",,17545,19312,84242,72971
"2023-05-11 00:00:00",,16771,19397,78536,88982
"2023-05-12 00:00:00",,17577,18401,75516,93174
"2023-05-13 00:00:00",,19704,19163,80855,102273
"2023-05-14 00:00:00",,23278,19968,79014,102538
"2023-05-15 00:00:00",,17704,18507,69052,82401
"2023-05-16 00:00:00",,16630,18404,75985,80750
"2023-05-17 00:00:00",,16051,17189,76612,78930
"2023-05-18 00:00:00",,16662,17086,71822,80224
"2023-05-19 00:00:00",,16927,17055,74070,81649
"2023-05-20 00:00:00",,19568,18244,80401,89055
"2023-05-21 00:00:00",,21666,19205,82787,91210
"2023-05-22 00:00:00",,16425,17653,73090,73581
"2023-05-23 00:00:00",,15288,18674,186869,72764
"2023-05-24 00:00:00",,14711,18376,167709,71309
"2023-05-25 00:00:00",,13993,18094,132081,70793
"2023-05-26 00:00:00",,15026,18968,193495,76201
"2023-05-27 00:00:00",,17080,20389,164235,90204
"2023-05-28 00:00:00",,19568,22875,144604,90719
"2023-05-29 00:00:00",,19198,23514,145039,85638
"2023-05-30 00:00:00",,14877,19913,137991,74253
"2023-05-31 00:00:00",,13753,19688,137747,69430
"2023-06-01 00:00:00",,13294,18866,120400,69746
"2023-06-02 00:00:00",,13750,17408,103714,73449
"2023-06-03 00:00:00",,15899,18860,110253,81025
"2023-06-04 00:00:00",,18455,20410,105398,84418
"2023-06-05 00:00:00",,13838,17579,92031,69861
"2023-06-06 00:00:00",,12943,17232,100227,68371
"2023-06-07 00:00:00",,12536,16443,97386,67236
"2023-06-08 00:00:00",,12810,17014,83058,71623
"2023-06-09 00:00:00",,12469,16605,79199,72502
"2023-06-10 00:00:00",,13865,16459,84507,79614
"2023-06-11 00:00:00",,16307,18467,82207,82725
"2023-06-12 00:00:00",,12457,15624,74207,69619
"2023-06-13 00:00:00",,11837,15614,86408,66666
"2023-06-14 00:00:00",,11163,14195,82746,83623
"2023-06-15 00:00:00",,10643,14215,69439,90317
"2023-06-16 00:00:00",,11247,13886,68073,92164
"2023-06-17 00:00:00",,13096,15237,72443,99983
"2023-06-18 00:00:00",,14582,15843,69201,102037
"2023-06-19 00:00:00",,12773,14893,62764,86239
"2023-06-20 00:00:00",,11185,14195,76109,83422
"2023-06-21 00:00:00",,10626,13794,76675,83121
"2023-06-22 00:00:00",,10545,13087,68741,84596
"2023-06-23 00:00:00",,10527,13582,65864,92986
"2023-06-24 00:00:00",,12329,14534,69005,107926
"2023-06-25 00:00:00",,14205,16037,63057,113310
"2023-06-26 00:00:00",,11333,14026,58112,94994
"2023-06-27 00:00:00",,10881,13608,73887,78836
"2023-06-28 00:00:00",,10477,12401,69281,74314
"2023-06-29 00:00:00",,10352,12435,58692,72187
"2023-06-30 00:00:00",,12594,13879,56478,75072
"2023-07-01 00:00:00",,16469,16080,60127,82757
"2023-07-02 00:00:00",,20128,18456,58105,85682
"2023-07-03 00:00:00",,17478,17868,55524,74426
"2023-07-04 00:00:00",,18354,18821,88032,75669
"2023-07-05 00:00:00",,15584,17678,65869,70061
"2023-07-06 00:00:00",,14908,20634,63475,68234
"2023-07-07 00:00:00",,14778,21113,60223,70704
"2023-07-08 00:00:00",,17282,23263,66442,76955
"2023-07-09 00:00:00",,20058,26105,64791,80079
"2023-07-10 00:00:00",,15648,22715,58297,67688
"2023-07-11 00:00:00",,14698,22214,59615,68160
"2023-07-12 00:00:00",,14379,21908,59312,67729
"2023-07-13 00:00:00",,14411,22292,53272,72495
"2023-07-14 00:00:00",,14087,21812,52683,69502
"2023-07-15 00:00:00",,16502,23301,57150,72801
"2023-07-16 00:00:00",,18887,25935,58417,84836
"2023-07-17 00:00:00",,14523,21437,51465,74457
"2023-07-18 00:00:00",,13565,21079,79939,73226
"2023-07-19 00:00:00",,12943,21515,74594,71721
"2023-07-20 00:00:00",,12119,19889,62073,70732
"2023-07-21 00:00:00",,12269,19558,55391,74062
"2023-07-22 00:00:00",,13977,20895,58492,79928
"2023-07-23 00:00:00",,16264,22765,58382,82553
"2023-07-24 00:00:00",,13199,20016,51885,71315
"2023-07-25 00:00:00",,12460,19548,53610,72945
"2023-07-26 00:00:00",,11821,18965,51948,71082
"2023-07-27 00:00:00",,11438,18387,46867,73326
"2023-07-28 00:00:00",,11575,18298,47634,76273
"2023-07-29 00:00:00",,13400,19836,51177,83516
"2023-07-30 00:00:00",,15611,21689,51656,86363
"2023-07-31 00:00:00",,12626,18713,46155,73683
"2023-08-01 00:00:00",,12106,18441,50825,73238
"2023-08-02 00:00:00",,11669,18147,51031,83636
"2023-08-03 00:00:00",,10852,17848,46584,93661
"2023-08-04 00:00:00",,10962,17357,45938,92813
"2023-08-05 00:00:00",,12795,18427,48514,97592
"2023-08-06 00:00:00",,15022,20091,49076,100979
"2023-08-07 00:00:00",,12382,17675,43613,85868
"2023-08-08 00:00:00",,11269,17318,43959,84128
"2023-08-09 00:00:00",,10758,16340,43224,81593
"2023-08-10 00:00:00",,10155,15719,40005,78145
"2023-08-11 00:00:00",,9965,15402,40957,75963
"2023-08-12 00:00:00",,11740,16745,44139,83078
"2023-08-13 00:00:00",,13644,17657,45726,86056
"2023-08-14 00:00:00",,10751,15841,40568,74080
"2023-08-15 00:00:00",,10728,15806,42894,74228
"2023-08-16 00:00:00",,9674,15326,43831,70403
"2023-08-17 00:00:00",,9722,14783,40899,112483
"2023-08-18 00:00:00",,9637,14929,44722,91131
"2023-08-19 00:00:00",,11082,16191,48850,87204
"2023-08-20 00:00:00",,12918,17557,53063,89518
"2023-08-21 00:00:00",,10072,16399,47100,74756
"2023-08-22 00:00:00",,9334,16132,126261,69963
"2023-08-23 00:00:00",,9008,15353,114970,70753
"2023-08-24 00:00:00",,9007,15337,97029,71036
"2023-08-25 00:00:00",,9378,15150,92297,74124
"2023-08-26 00:00:00",,11237,16733,97867,81259
"2023-08-27 00:00:00",,13434,18173,97124,85655
"2023-08-28 00:00:00",,10394,16025,83042,72280
"2023-08-29 00:00:00",,9911,15639,107260,72635
"2023-08-30 00:00:00",,9748,15984,99982,70510
"2023-08-31 00:00:00",,9155,15421,85530,72733
"2023-09-01 00:00:00",,11457,15449,145741,76600
"2023-09-02 00:00:00",,15478,16891,141472,83011
"2023-09-03 00:00:00",,19080,19162,110270,84549
"2023-09-04 00:00:00",,18045,18925,99262,73833
"2023-09-05 00:00:00",,13822,16919,92716,67721
"2023-09-06 00:00:00",,12958,15911,91205,66170
"2023-09-07 00:00:00",,13227,16331,78517,67523
"2023-09-08 00:00:00",,13012,15949,73943,69978
"2023-09-09 00:00:00",,15769,17906,83244,77974
"2023-09-10 00:00:00",,17399,20385,80565,79593
"2023-09-11 00:00:00",,12362,18238,69895,64692
"2023-09-12 00:00:00",,11283,17637,80753,63762
"2023-09-13 00:00:00",,10833,18239,82247,64134
"2023-09-14 00:00:00",,10430,18337,72520,68501
"2023-09-15 00:00:00",,10724,19175,89118,72216
"2023-09-16 00:00:00",,13014,21549,106123,83828
"2023-09-17 00:00:00",,15439,24531,98581,88628
"2023-09-18 00:00:00",,10926,21067,77446,70519
"2023-09-19 00:00:00",,10184,20563,59642,65821
"2023-09-20 00:00:00",,9609,20259,63399,64319
"2023-09-21 00:00:00",,9210,20078,55284,62087
"2023-09-22 00:00:00",,9881,20444,61952,68029
"2023-09-23 00:00:00",,12167,23322,64169,77673
"2023-09-24 00:00:00",,13750,25912,65069,79346
"2023-09-25 00:00:00",,9977,22508,50297,62744
"2023-09-26 00:00:00",,9237,22137,65544,61005
"2023-09-27 00:00:00",,8809,21670,62310,61125
"2023-09-28 00:00:00",,8429,20962,52691,69566
"2023-09-29 00:00:00",,8810,21205,56190,71506
"2023-09-30 00:00:00",,11003,24104,61439,80251
"2023-10-01 00:00:00",,12557,27377,61746,86178
"2023-10-02 00:00:00",,9441,25727,52887,69233
"2023-10-03 00:00:00",,9029,50105,66053,68980
"2023-10-04 00:00:00",,8607,55429,60318,68482
"2023-10-05 00:00:00",,8459,57014,51914,69639
"2023-10-06 00:00:00",,9058,60458,55802,75394
"2023-10-07 00:00:00",,10998,69980,60020,88315
"2023-10-08 00:00:00",,12714,77642,56892,94813
"2023-10-09 00:00:00",,9880,71527,48306,76311
"2023-10-10 00:00:00",,8671,65688,55139,72722
"2023-10-11 00:00:00",,8278,62328,52265,72571
"2023-10-12 00:00:00",,8489,60641,46801,130016
"2023-10-13 00:00:00",,8797,60162,49291,105803
"2023-10-14 00:00:00",,10932,65724,54753,189557
"2023-10-15 00:00:00",,12311,68990,52699,161126
"2023-10-16 00:00:00",,9162,58269,44410,115763
"2023-10-17 00:00:00",,8402,55755,69434,71807
"2023-10-18 00:00:00",,8224,52018,65704,82513
"2023-10-19 00:00:00",,8218,51515,55369,80524
"2023-10-20 00:00:00",,10251,51929,54613,82531
"2023-10-21 00:00:00",,13783,57259,59083,97175
"2023-10-22 00:00:00",,16855,60892,57720,98445
"2023-10-23 00:00:00",,12677,51189,47482,76194
"2023-10-24 00:00:00",,12238,50192,51003,75155
"2023-10-25 00:00:00",,11804,48286,49165,77904
"2023-10-26 00:00:00",,11577,45266,43985,76214
"2023-10-27 00:00:00",,11938,45594,46219,80328
"2023-10-28 00:00:00",,14526,48741,50867,91880
"2023-10-29 00:00:00",,17095,52614,51280,92917
"2023-10-30 00:00:00",,12593,44352,43605,72648
"2023-10-31 00:00:00",,11319,41525,40365,70755
"2023-11-01 00:00:00",,12997,41187,38163,74010
"2023-11-02 00:00:00",,12753,42544,37632,116441
"2023-11-03 00:00:00",,11855,40956,39329,93516
"2023-11-04 00:00:00",,14068,43979,46970,93377
"2023-11-05 00:00:00",,15797,45944,44136,89722
"2023-11-06 00:00:00",,11180,39285,37630,66459
"2023-11-07 00:00:00",,10348,38035,40577,60730
"2023-11-08 00:00:00",,9769,36080,42534,58370
"2023-11-09 00:00:00",,9402,33989,34965,70052
"2023-11-10 00:00:00",,10263,35936,37891,177881
"2023-11-11 00:00:00",,12627,37917,40385,182765
"2023-11-12 00:00:00",,14209,40070,39440,190707
"2023-11-13 00:00:00",,10423,33324,33380,154669
"2023-11-14 00:00:00",,9949,32815,34138,144085
"2023-11-15 00:00:00",,9833,30681,34159,139539
"2023-11-16 00:00:00",,9629,30434,31083,129535
"2023-11-17 00:00:00",,10335,30837,31647,136459
"2023-11-18 00:00:00",,13031,33598,38059,152365
"2023-11-19 00:00:00",,14956,35510,37659,159174
"2023-11-20 00:00:00",,11442,30891,31973,129453
"2023-11-21 00:00:00",,10745,29409,36324,118494
"2023-11-22 00:00:00",,12389,29485,35148,132653
"2023-11-23 00:00:00",,13355,29190,33908,127692
"2023-11-24 00:00:00",,15981,30703,39365,135061
"2023-11-25 00:00:00",,19260,32119,40693,139348
"2023-11-26 00:00:00",,23291,34856,42406,147988
"2023-11-27 00:00:00",,17508,30116,39469,120818
"2023-11-28 00:00:00",,17223,29680,94670,104029
"2023-11-29 00:00:00",,15745,24838,81925,101151
"2023-11-30 00:00:00",,14726,26131,64886,101366
"2023-12-01 00:00:00",,15351,26087,103704,105948
"2023-12-02 00:00:00",,19000,29023,94159,127085
"2023-12-03 00:00:00",,20517,30287,77223,124341
"2023-12-04 00:00:00",,15072,25828,64590,99326
"2023-12-05 00:00:00",,14438,25322,72637,95026
"2023-12-06 00:00:00",,14406,23481,71713,157391
"2023-12-07 00:00:00",,13907,21996,60416,144115
"2023-12-08 00:00:00",,15171,20399,54045,137339
"2023-12-09 00:00:00",,18586,23680,61604,152549
"2023-12-10 00:00:00",,21706,25445,59225,161960
"2023-12-11 00:00:00",,16269,21987,49261,125505
"2023-12-12 00:00:00",,14459,21853,70180,116147
"2023-12-13 00:00:00",,13635,24754,66261,116950
"2023-12-14 00:00:00",,12972,25297,55045,117158
"2023-12-15 00:00:00",,13399,24643,53549,138254
"2023-12-16 00:00:00",,16247,26834,58985,153998
"2023-12-17 00:00:00",,18306,28730,58481,162148
"2023-12-18 00:00:00",,14042,25335,50285,123107
"2023-12-19 00:00:00",,13325,24356,70838,122624
"2023-12-20 00:00:00",,13084,23756,65444,121259
"2023-12-21 00:00:00",,13435,23085,54402,125574
"2023-12-22 00:00:00",,16419,23375,54855,128494
"2023-12-23 00:00:00",,20503,24594,56046,135724
"2023-12-24 00:00:00",,19588,20552,52357,121684
"2023-12-25 00:00:00",,27072,23337,46766,126249
"2023-12-26 00:00:00",,31033,25840,61553,133648
"2023-12-27 00:00:00",,31500,25899,56755,132526
"2023-12-28 00:00:00",,32918,25735,52468,131605
"2023-12-29 00:00:00",,33415,25858,54318,128374
"2023-12-30 00:00:00",,36482,27082,54802,136245
"2023-12-31 00:00:00",,32162,22591,51540,119253
"2024-01-01 00:00:00",,41814,27834,53662,137050
"2024-01-02 00:00:00",,35699,26059,58803,120559
"2024-01-03 00:00:00",,33940,25425,54851,117018
"2024-01-04 00:00:00",,33720,24932,47517,114658
"2024-01-05 00:00:00",,32415,25562,47450,121462
"2024-01-06 00:00:00",,36932,28249,52733,138204
"2024-01-07 00:00:00",,37883,29188,51119,142595
"2024-01-08 00:00:00",,27347,24407,43029,110765
"2024-01-09 00:00:00",,25024,24569,54394,108173
"2024-01-10 00:00:00",,22776,22475,51236,102723
"2024-01-11 00:00:00",,21657,22584,43638,104459
"2024-01-12 00:00:00",,23504,23547,48244,117113
"2024-01-13 00:00:00",,28298,25873,54235,131744
"2024-01-14 00:00:00",,30583,26647,52929,135591
"2024-01-15 00:00:00",,24946,24916,47158,122060
"2024-01-16 00:00:00",,21406,22982,51577,110196
"2024-01-17 00:00:00",,20108,22057,49462,102798
"2024-01-18 00:00:00",,18735,21437,43046,114829
"2024-01-19 00:00:00",,19681,21048,45361,125481
"2024-01-20 00:00:00",,23497,22541,50568,139534
"2024-01-21 00:00:00",,25950,23095,47648,144934
"2024-01-22 00:00:00",,18510,19416,41783,110503
"2024-01-23 00:00:00",,17176,18995,43280,105898
"2024-01-24 00:00:00",,15800,17142,39931,102695
"2024-01-25 00:00:00",,15459,17180,39759,100447
"2024-01-26 00:00:00",,16144,17205,37500,105228
"2024-01-27 00:00:00",,19943,18450,42922,118945
"2024-01-28 00:00:00",,22068,19157,41541,126594
"2024-01-29 00:00:00",,15969,16345,34365,96815
"2024-01-30 00:00:00",,14723,15983,43737,94151
"2024-01-31 00:00:00",,13910,15313,43765,92832
"2024-02-01 00:00:00",,13573,14918,36342,91601
"2024-02-02 00:00:00",,16002,15308,38367,99811
"2024-02-03 00:00:00",,20801,16666,44578,114382
"2024-02-04 00:00:00",,24985,17644,44789,123594
"2024-02-05 00:00:00",,18336,15341,37989,96550
"2024-02-06 00:00:00",,17141,15463,42074,92775
"2024-02-07 00:00:00",,16464,14520,43913,107943
"2024-02-08 00:00:00",64183,16118,14275,40431,119970
"2024-02-09 00:00:00",91149,16845,14419,40481,126424
"2024-02-10 00:00:00",144392,20888,15499,45369,143130
"2024-02-11 00:00:00",155926,24661,16739,46649,154491
"2024-02-12 00:00:00",154150,17716,14963,38059,113186
"2024-02-13 00:00:00",196089,16281,14678,44118,107974
"2024-02-14 00:00:00",203644,13652,13192,38907,101674
"2024-02-15 00:00:00",195916,14342,13714,31481,103673
"2024-02-16 00:00:00",259722,15013,14337,37571,111235
"2024-02-17 00:00:00",333827,18599,15725,41906,124673
"2024-02-18 00:00:00",388754,20748,16881,41350,134339
"2024-02-19 00:00:00",411359,15651,15022,35363,110515
"2024-02-20 00:00:00",409688,13513,14274,37558,101115
"2024-02-21 00:00:00",457649,12593,13559,37090,96314
"2024-02-22 00:00:00",444907,12224,12710,32673,95180
"2024-02-23 00:00:00",422935,12798,12812,35729,92239
"2024-02-24 00:00:00",458709,15446,13686,40813,118154
"2024-02-25 00:00:00",458046,17510,14669,40143,125834
"2024-02-26 00:00:00",410778,12179,12893,35832,96796
"2024-02-27 00:00:00",388784,11359,12796,36590,91475
"2024-02-28 00:00:00",372491,10668,12734,35250,89825
"2024-02-29 00:00:00",360630,10185,12417,31281,88112
"2024-03-01 00:00:00",378029,11073,12561,34539,93941
"2024-03-02 00:00:00",440473,13636,13764,40710,107124
"2024-03-03 00:00:00",431621,15096,14403,40888,114286
"2024-03-04 00:00:00",379444,10794,12400,34220,88342
"2024-03-05 00:00:00",358075,10159,12299,75959,84244
"2024-03-06 00:00:00",335064,9702,11973,69012,83985
"2024-03-07 00:00:00",334989,9374,11820,57965,88265
"2024-03-08 00:00:00",363501,10124,11809,55213,101202
"2024-03-09 00:00:00",437628,12494,12789,59499,110939
"2024-03-10 00:00:00",411162,14196,13898,59467,119484
"2024-03-11 00:00:00",336164,10177,12324,50961,95610
"2024-03-12 00:00:00",310661,9551,12365,55562,88023
"2024-03-13 00:00:00",323664,9180,11919,54108,85906
"2024-03-14 00:00:00",333205,9113,11677,45702,86339
"2024-03-15 00:00:00",347410,11532,11981,51607,94585
"2024-03-16 00:00:00",363900,15961,12910,55387,103359
"2024-03-17 00:00:00",378370,19453,14210,56597,112006
"2024-03-18 00:00:00",300923,14314,12542,48613,90955
"2024-03-19 00:00:00",289256,13770,12520,57009,89388
"2024-03-20 00:00:00",271717,13436,12024,53424,87694
"2024-03-21 00:00:00",246008,13139,11504,45477,87772
"2024-03-22 00:00:00",264636,13481,11504,47345,93961
"2024-03-23 00:00:00",300290,17351,12503,52323,104922
"2024-03-24 00:00:00",302053,18844,13129,53179,114841
"2024-03-25 00:00:00",240073,12954,11214,44708,94534
"2024-03-26 00:00:00",221275,11922,10892,46110,91905
"2024-03-27 00:00:00",229209,11370,10142,43964,95571
"2024-03-28 00:00:00",252081,11200,11410,40271,98165
"2024-03-29 00:00:00",268483,12796,11625,45398,107303
"2024-03-30 00:00:00",263884,13400,11528,46076,104615
"2024-03-31 00:00:00",259338,14552,12015,44968,111704
"2024-04-01 00:00:00",229057,13570,11375,40846,99857
"2024-04-02 00:00:00",230054,10921,12690,55390,94672
"2024-04-03 00:00:00",233132,10253,12030,51649,125587
"2024-04-04 00:00:00",228934,10008,11604,48580,135910
"2024-04-05 00:00:00",249946,10126,11553,47027,145324
"2024-04-06 00:00:00",269344,11715,12443,52493,157439
"2024-04-07 00:00:00",345188,13154,13185,52728,166772
"2024-04-08 00:00:00",225560,9125,11038,44314,136748
"2024-04-09 00:00:00",235375,8589,10393,134042,119729
"2024-04-10 00:00:00",242254,8489,10184,122652,107074
"2024-04-11 00:00:00",253849,8126,9816,95023,108548
"2024-04-12 00:00:00",251213,9711,9720,85138,111425
"2024-04-13 00:00:00",253659,13099,10648,93655,124597
"2024-04-14 00:00:00",249294,15648,11314,92574,132214
"2024-04-15 00:00:00",189287,11465,9906,79369,107629
"2024-04-16 00:00:00",182285,10807,9856,103453,99252
"2024-04-17 00:00:00",176710,10622,9472,99861,99379
"2024-04-18 00:00:00",180560,10406,9619,84260,97030
"2024-04-19 00:00:00",188134,10981,9927,82326,106871
"2024-04-20 00:00:00",198640,13803,10725,92230,124214
"2024-04-21 00:00:00",200589,15424,11355,92729,134251
"2024-04-22 00:00:00",150263,10191,9967,78609,105950
"2024-04-23 00:00:00",138161,9587,10033,100073,97181
"2024-04-24 00:00:00",131942,9083,9457,93621,98384
"2024-04-25 00:00:00",133134,8487,9052,81207,98131
"2024-04-26 00:00:00",144616,8723,9183,78374,96189
"2024-04-27 00:00:00",161502,10716,9996,88819,119371
"2024-04-28 00:00:00",166305,12432,10339,90109,130902
"2024-04-29 00:00:00",139650,8522,8690,76966,102475
"2024-04-30 00:00:00",130752,8157,8879,126236,97298
"2024-05-01 00:00:00",120973,9742,8694,116196,101485
"2024-05-02 00:00:00",119571,7835,8280,91422,100893
"2024-05-03 00:00:00",119027,8303,8472,85575,107165
"2024-05-04 00:00:00",115130,9887,9289,94211,121007
"2024-05-05 00:00:00",110715,11431,9799,95177,129972
"2024-05-06 00:00:00",122641,8149,8568,85989,102658
"2024-05-07 00:00:00",112109,7603,8392,95301,92570
"2024-05-08 00:00:00",110831,7375,8008,96801,89792
"2024-05-09 00:00:00",125825,7447,7927,84094,92555
"2024-05-10 00:00:00",119052,7253,7957,82461,97399
"2024-05-11 00:00:00",118189,8288,8403,89549,108935
"2024-05-12 00:00:00",119702,9444,8867,89563,114683
"2024-05-13 00:00:00",95493,7167,7794,79363,91726
"2024-05-14 00:00:00",88909,6647,7613,109718,88526
"2024-05-15 00:00:00",86599,6476,7595,105723,87680
"2024-05-16 00:00:00",80556,6221,7148,88570,86080
"2024-05-17 00:00:00",88657,6672,7611,83251,89940
"2024-05-18 00:00:00",95194,8203,8216,95818,102214
"2024-05-19 00:00:00",98853,9344,8731,95867,110414
"2024-05-20 00:00:00",76496,7672,7759,85495,89408
"2024-05-21 00:00:00",70835,6881,7399,109846,86088
"2024-05-22 00:00:00",66436,6588,7244,106751,80513
"2024-05-23 00:00:00",66695,6118,7030,93559,81790
"2024-05-24 00:00:00",71948,6562,7324,91137,85117
"2024-05-25 00:00:00",71018,7809,7751,99425,91927
"2024-05-26 00:00:00",78512,8752,8145,100570,99268
"2024-05-27 00:00:00",81875,8032,7944,105706,95217
"2024-05-28 00:00:00",61826,6618,7111,107934,82948
"2024-05-29 00:00:00",56321,6453,6977,109768,94390
"2024-05-30 00:00:00",67138,6959,7275,104952,116059
"2024-05-31 00:00:00",61804,8255,7345,105431,115907
"2024-06-01 00:00:00",62314,10861,7360,122020,116918
"2024-06-02 00:00:00",80198,13247,8479,143596,134247
"2024-06-03 00:00:00",58980,9971,7052,135651,107327
"2024-06-04 00:00:00",55205,9716,6161,314634,95002
"2024-06-05 00:00:00",49873,8989,6837,275619,95755
"2024-06-06 00:00:00",55352,10491,6839,254182,93439
"2024-06-07 00:00:00",59384,11575,6822,265680,97505
"2024-06-08 00:00:00",61487,14803,7636,257248,105974
"2024-06-09 00:00:00",63485,17731,8431,227123,118500
"2024-06-10 00:00:00",51896,13435,7231,199432,96925
"2024-06-11 00:00:00",52214,12295,7129,205509,95263
"2024-06-12 00:00:00",49125,11391,6670,213793,92073
"2024-06-13 00:00:00",91692,10531,6476,184207,92239
"2024-06-14 00:00:00",88867,10165,6267,170277,91461
"2024-06-15 00:00:00",80489,12691,7135,178134,100762
"2024-06-16 00:00:00",78787,14081,7495,172811,103143
"2024-06-17 00:00:00",63326,10452,6469,152990,89135
"2024-06-18 00:00:00",61545,9558,6381,154967,88944
"2024-06-19 00:00:00",61407,9570,5721,163414,93210
"2024-06-20 00:00:00",55965,8914,5417,139928,90768
"2024-06-21 00:00:00",55710,8840,5405,118958,87361
"2024-06-22 00:00:00",58688,10755,6050,129999,94192
"2024-06-23 00:00:00",58644,12138,6575,128870,99936
"2024-06-24 00:00:00",46355,8855,5652,113153,87755
"2024-06-25 00:00:00",41797,8082,5340,117671,83459
"2024-06-26 00:00:00",43319,7786,5045,121725,83443
"2024-06-27 00:00:00",43453,7896,5326,110699,82336
"2024-06-28 00:00:00",41499,10058,5563,103030,87529
"2024-06-29 00:00:00",44938,14324,5830,111407,90918
"2024-06-30 00:00:00",45315,18070,6681,110075,101021
"2024-07-01 00:00:00",36440,14422,5814,95894,86550
"2024-07-02 00:00:00",34278,14140,5546,93914,83342
"2024-07-03 00:00:00",35824,14070,5731,97397,85379
"2024-07-04 00:00:00",46212,15115,5690,92392,87225
"2024-07-05 00:00:00",40509,14365,5441,85365,81997
"2024-07-06 00:00:00",40710,17551,5589,90582,90059
"2024-07-07 00:00:00",47102,19857,6285,93198,102506
"2024-07-08 00:00:00",36695,15107,5230,81626,87229
"2024-07-09 00:00:00",34855,14340,4890,80909,84591
"2024-07-10 00:00:00",32587,13424,4587,87674,80545
"2024-07-11 00:00:00",32903,13817,4622,79744,79684
"2024-07-12 00:00:00",33812,13489,4593,76785,81535
"2024-07-13 00:00:00",36935,15200,5080,84968,87063
"2024-07-14 00:00:00",35020,16712,5088,83638,87312
"2024-07-15 00:00:00",29723,12721,4406,74300,81213
"2024-07-16 00:00:00",28564,12258,4390,101450,81999
"2024-07-17 00:00:00",27793,11275,4211,96385,79957
"2024-07-18 00:00:00",27407,10363,3893,78708,80139
"2024-07-19 00:00:00",27580,10015,3713,72195,79718
"2024-07-20 00:00:00",30577,11961,4151,79368,84773
"2024-07-21 00:00:00",32983,13930,4696,77109,94177
"2024-07-22 00:00:00",26412,10690,3970,67405,82989
"2024-07-23 00:00:00",30239,10371,4260,74960,84124
"2024-07-24 00:00:00",31108,10010,3958,74255,90820
"2024-07-25 00:00:00",31144,9038,3819,64258,93327
"2024-07-26 00:00:00",30171,9049,3895,61425,91918
"2024-07-27 00:00:00",35779,11384,4338,66842,97773
"2024-07-28 00:00:00",36637,12794,4811,66587,105754
"2024-07-29 00:00:00",28832,9838,4215,57891,91786
"2024-07-30 00:00:00",29072,9248,4033,66077,89385
"2024-07-31 00:00:00",29969,8984,3836,66384,88776
"2024-08-01 00:00:00",28756,8981,3779,54811,87060
"2024-08-02 00:00:00",32295,9066,3909,51048,85033
"2024-08-03 00:00:00",35618,10736,4392,55719,89899
"2024-08-04 00:00:00",38663,12713,4800,54433,100784
"2024-08-05 00:00:00",32615,9871,4164,47219,88626
"2024-08-06 00:00:00",62819,9110,3973,63979,86701
"2024-08-07 00:00:00",60088,8958,3893,62388,84977
"2024-08-08 00:00:00",54024,8962,3749,53452,86845
"2024-08-09 00:00:00",52470,8962,3945,49472,84754
"2024-08-10 00:00:00",51240,10164,4348,54349,91145
"2024-08-11 00:00:00",49563,11499,4630,51476,97472
"2024-08-12 00:00:00",41426,9023,4079,45354,88550
"2024-08-13 00:00:00",37582,8675,3869,43092,83096
"2024-08-14 00:00:00",36258,8433,3791,44503,80540
"2024-08-15 00:00:00",34732,8561,3932,39767,82247
"2024-08-16 00:00:00",33097,8381,3969,38616,81391
"2024-08-17 00:00:00",38256,10185,4599,42855,89506
"2024-08-18 00:00:00",38391,11963,5123,42318,96523
"2024-08-19 00:00:00",29872,9260,4351,36480,83858
"2024-08-20 00:00:00",27848,8533,4181,34393,80525
"2024-08-21 00:00:00",26362,8468,4025,35656,76453
"2024-08-22 00:00:00",25840,8331,4118,31323,71583
"2024-08-23 00:00:00",24534,7899,3746,31131,75069
"2024-08-24 00:00:00",28385,10105,4447,38045,89461
"2024-08-25 00:00:00",30587,12160,5085,38057,97065
"2024-08-26 00:00:00",23570,9323,4318,32353,81107
"2024-08-27 00:00:00",22600,8703,4109,56809,76179
"2024-08-28 00:00:00",21285,8273,4064,48461,74559
"2024-08-29 00:00:00",21234,8445,4013,35668,74335
"2024-08-30 00:00:00",22280,15787,4086,33606,154186
"2024-08-31 00:00:00",24620,24472,4282,35949,130770
"2024-09-01 00:00:00",25469,31410,4933,34744,123500
"2024-09-02 00:00:00",26571,29620,4906,34187,113377
"2024-09-03 00:00:00",20369,24603,4197,38092,101205
"2024-09-04 00:00:00",20856,24679,4074,36303,88327
"2024-09-05 00:00:00",20361,25013,3949,29994,73104
"2024-09-06 00:00:00",20828,24484,4055,29200,148983
"2024-09-07 00:00:00",22573,28777,4512,34042,157718
"2024-09-08 00:00:00",22743,31137,5043,31842,154433
"2024-09-09 00:00:00",16690,20705,4447,32188,121364
"2024-09-10 00:00:00",15636,18997,4447,41680,68071
"2024-09-11 00:00:00",16146,18024,4488,36473,67536
"2024-09-12 00:00:00",17905,16927,4470,30327,68854
"2024-09-13 00:00:00",22396,16972,3870,30725,72307
"2024-09-14 00:00:00",26557,21206,4876,35109,84327
"2024-09-15 00:00:00",29286,24565,6277,35662,91196
"2024-09-16 00:00:00",23960,17008,6868,28911,76258
"2024-09-17 00:00:00",59181,15035,6618,28960,73989
"2024-09-18 00:00:00",68380,14261,6450,28790,79415
"2024-09-19 00:00:00",55732,13496,6427,28657,83909
"2024-09-20 00:00:00",59401,14022,6769,28417,85240
"2024-09-21 00:00:00",63798,17451,7750,32874,96205
"2024-09-22 00:00:00",60530,19898,8763,32537,104073
"2024-09-23 00:00:00",49538,13832,7207,26060,84957
"2024-09-24 00:00:00",46311,13106,7205,27881,77705
"2024-09-25 00:00:00",47053,12518,6912,25714,75257
"2024-09-26 00:00:00",42824,12191,6649,24629,75405
"2024-09-27 00:00:00",42577,12667,6854,28656,77313
"2024-09-28 00:00:00",53798,15363,7703,31514,88781
"2024-09-29 00:00:00",51064,17826,8346,32005,93700
"2024-09-30 00:00:00",40510,12653,6856,25668,76202
"2024-10-01 00:00:00",37352,11810,5769,31962,70135
"2024-10-02 00:00:00",35824,11712,5657,30197,72457
"2024-10-03 00:00:00",36653,11560,5780,27955,72344
"2024-10-04 00:00:00",39312,11731,6088,31518,74155
"2024-10-05 00:00:00",43725,14451,6951,35858,84587
"2024-10-06 00:00:00",46637,16793,7871,37246,91235
"2024-10-07 00:00:00",36843,11851,6489,31031,73214
"2024-10-08 00:00:00",34372,10916,6191,78328,67597
"2024-10-09 00:00:00",34054,10861,6188,66177,70066
"2024-10-10 00:00:00",32122,10460,5976,50445,68044
"2024-10-11 00:00:00",36165,10881,6478,89537,73203
"2024-10-12 00:00:00",39715,13369,7150,79210,83326
"2024-10-13 00:00:00",40089,16063,7925,70261,90358
"2024-10-14 00:00:00",33791,12014,7085,52706,74307
"2024-10-15 00:00:00",46112,10586,54028,56640,67488
"2024-10-16 00:00:00",48182,10311,51346,53811,62982
"2024-10-17 00:00:00",41089,9851,50106,46865,63123
"2024-10-18 00:00:00",44815,10295,50621,52136,64572
"2024-10-19 00:00:00",48512,12759,56769,56503,75815
"2024-10-20 00:00:00",47073,14820,61437,54594,80597
"2024-10-21 00:00:00",38097,10665,51147,46570,65176
"2024-10-22 00:00:00",39295,10313,48072,50903,61567
"2024-10-23 00:00:00",35585,9879,45594,47216,63691
"2024-10-24 00:00:00",36810,9783,43851,40218,68421
"2024-10-25 00:00:00",41445,14830,43326,39430,249713
"2024-10-26 00:00:00",75778,23299,47094,42031,271628
"2024-10-27 00:00:00",62060,29056,51648,41067,306460
"2024-10-28 00:00:00",43394,21894,42054,34456,275830
"2024-10-29 00:00:00",40336,21143,40848,56540,258272
"2024-10-30 00:00:00",39657,20624,38725,51958,252057
"2024-10-31 00:00:00",53169,20735,35783,42578,247046
"2024-11-01 00:00:00",52448,23496,37842,41230,279366
"2024-11-02 00:00:00",56840,27461,41461,44167,299295
"2024-11-03 00:00:00",54004,31741,44284,44164,315334
"2024-11-04 00:00:00",42135,22505,35947,36503,276715
"2024-11-05 00:00:00",43882,19713,34510,39579,246998
"2024-11-06 00:00:00",47430,18319,32377,38003,225311
"2024-11-07 00:00:00",45714,17159,31080,32623,217947
"2024-11-08 00:00:00",49115,18012,32382,34765,222737
"2024-11-09 00:00:00",53818,22483,35651,38071,250272
"2024-11-10 00:00:00",54060,24259,37638,37343,263884
"2024-11-11 00:00:00",49141,18301,33053,32131,240263
"2024-11-12 00:00:00",46709,15144,30465,35890,223219
"2024-11-13 00:00:00",38528,14612,28278,36067,207845
"2024-11-14 00:00:00",39348,13945,27301,32360,210388
"2024-11-15 00:00:00",42126,15176,28327,33890,232413
"2024-11-16 00:00:00",41695,18308,30747,37152,255481
"2024-11-17 00:00:00",40232,20844,32831,36935,263738
"2024-11-18 00:00:00",32491,14374,26979,31953,231942
"2024-11-19 00:00:00",31159,13475,27352,53629,210334
"2024-11-20 00:00:00",30903,13590,26785,49084,201945
"2024-11-21 00:00:00",28436,12461,24663,37776,195821
"2024-11-22 00:00:00",29881,13050,25340,36393,192963
"2024-11-23 00:00:00",35695,16161,27339,39243,205633
"2024-11-24 00:00:00",34018,18595,28809,37581,212538
"2024-11-25 00:00:00",29016,13187,23746,32035,185507
"2024-11-26 00:00:00",29659,12334,24175,39880,167776
"2024-11-27 00:00:00",28913,12162,23135,39835,177003
"2024-11-28 00:00:00",29396,14285,21847,35328,183460
"2024-11-29 00:00:00",32971,17481,23288,37089,185872
"2024-11-30 00:00:00",34033,22104,23634,37345,189487
"2024-12-01 00:00:00",34366,26337,25118,37006,192610